,home,score
0,Durham,155.37142857142857
1,Hampshire,161.79591836734693
3,Surrey,155.7906976744186
4,Worcestershire,168.05882352941177
5,Gloucestershire,154.63636363636363
6,Surrey,155.7906976744186
7,Yorkshire,158.0
9,Kent,157.525
10,Leicestershire,156.27027027027026
11,Nottinghamshire,165.47058823529412
12,Surrey,155.7906976744186
17,Sussex,157.33333333333334
18,Derbyshire,146.57142857142858
19,Gloucestershire,154.63636363636363
20,Lancashire,154.05769230769232
21,Middlesex,150.66666666666666
22,Leicestershire,156.27027027027026
23,Northamptonshire,163.0810810810811
24,Warwickshire,157.925
25,Yorkshire,158.0
30,Sussex,157.33333333333334
31,Derbyshire,146.57142857142858
32,Glamorgan,145.3548387096774
34,Middlesex,150.66666666666666
36,Gloucestershire,154.63636363636363
38,Lancashire,154.05769230769232
39,Leicestershire,156.27027027027026
41,Worcestershire,168.05882352941177
42,Yorkshire,158.0
43,Essex,167.3409090909091
44,Sussex,157.33333333333334
47,Surrey,155.7906976744186
55,Eastern Cape,116.0
56,Titans,155.475
57,Dolphins,157.17857142857142
61,Eagles,152.08333333333334
62,Titans,155.475
67,Kent,157.525
70,Nottinghamshire,165.47058823529412
71,Warwickshire,157.925
72,Worcestershire,168.05882352941177
73,Essex,167.3409090909091
75,Surrey,155.7906976744186
81,Nottinghamshire,165.47058823529412
90,Surrey,155.7906976744186
93,Middlesex,150.66666666666666
96,Hampshire,161.79591836734693
97,Kent,157.525
98,Leicestershire,156.27027027027026
99,Somerset,180.33333333333334
100,Glamorgan,145.3548387096774
101,Yorkshire,158.0
103,Durham,155.37142857142857
105,Hampshire,161.79591836734693
106,Lancashire,154.05769230769232
108,Somerset,180.33333333333334
111,Glamorgan,145.3548387096774
113,Leicestershire,156.27027027027026
114,Surrey,155.7906976744186
117,Leicestershire,156.27027027027026
118,Bloomfield Cricket and Athletic Club,124.16666666666667
119,Burgher Recreation Club,132.4
120,Chilaw Marians Cricket Club,155.75
121,Colombo Cricket Club,161.75
122,Colts Cricket Club,157.55555555555554
123,Kurunegala Youth Cricket Club,148.0
124,Moors Sports Club,144.85714285714286
125,Nondescripts Cricket Club,159.55555555555554
126,Bloomfield Cricket and Athletic Club,124.16666666666667
127,Colts Cricket Club,157.55555555555554
128,Chilaw Marians Cricket Club,155.75
129,Burgher Recreation Club,132.4
132,Chilaw Marians Cricket Club,155.75
134,Eagles,152.08333333333334
135,Lions,154.02702702702703
138,Titans,155.475
140,Eagles,152.08333333333334
141,Warriors,145.0857142857143
143,Titans,155.475
144,Warriors,145.0857142857143
146,Lions,154.02702702702703
149,Titans,155.475
150,Warriors,145.0857142857143
151,Titans,155.475
156,Faisalabad Wolves,149.58620689655172
158,Lahore Eagles,165.07692307692307
159,Lahore Lions,159.52631578947367
164,Faisalabad Wolves,149.58620689655172
165,Karachi Zebras,159.11111111111111
166,Lahore Eagles,165.07692307692307
169,Lahore Eagles,165.07692307692307
171,England,157.76470588235293
172,Derbyshire,146.57142857142858
175,Leicestershire,156.27027027027026
176,Northamptonshire,163.0810810810811
177,Worcestershire,168.05882352941177
179,Glamorgan,145.3548387096774
180,Sussex,157.33333333333334
182,Somerset,180.33333333333334
183,Derbyshire,146.57142857142858
184,Gloucestershire,154.63636363636363
186,Northamptonshire,163.0810810810811
187,Nottinghamshire,165.47058823529412
188,Essex,167.3409090909091
192,Essex,167.3409090909091
193,Gloucestershire,154.63636363636363
194,Leicestershire,156.27027027027026
196,Hampshire,161.79591836734693
197,Lancashire,154.05769230769232
198,Somerset,180.33333333333334
200,Durham,155.37142857142857
203,Surrey,155.7906976744186
204,Yorkshire,158.0
205,Lancashire,154.05769230769232
206,Middlesex,150.66666666666666
211,Warwickshire,157.925
215,Lancashire,154.05769230769232
216,Middlesex,150.66666666666666
218,Surrey,155.7906976744186
221,Sussex,157.33333333333334
224,Lancashire,154.05769230769232
228,Warwickshire,157.925
233,Essex,167.3409090909091
234,Glamorgan,145.3548387096774
235,Derbyshire,146.57142857142858
237,Kent,157.525
238,Leicestershire,156.27027027027026
240,Somerset,180.33333333333334
242,Warwickshire,157.925
243,Worcestershire,168.05882352941177
244,Lancashire,154.05769230769232
245,Leicestershire,156.27027027027026
247,Surrey,155.7906976744186
248,Lancashire,154.05769230769232
254,Chilaw Marians Cricket Club,155.75
255,Faisalabad Wolves,149.58620689655172
256,Leicestershire,156.27027027027026
258,Faisalabad Wolves,149.58620689655172
261,Bloomfield Cricket and Athletic Club,124.16666666666667
263,Chilaw Marians Cricket Club,155.75
265,Colombo Cricket Club,161.75
267,Sri Lanka Air Force Sports Club,143.0
268,Tamil Union Cricket and Athletic Club,155.625
273,Badureliya Sports Club,155.0
275,Police Sports Club,174.0
276,Ragama Cricket Club,150.625
279,Nondescripts Cricket Club,159.55555555555554
281,Bloomfield Cricket and Athletic Club,124.16666666666667
283,Chilaw Marians Cricket Club,155.75
285,Galle Cricket Club,109.0
289,Bloomfield Cricket and Athletic Club,124.16666666666667
290,Burgher Recreation Club,132.4
293,Galle Cricket Club,109.0
295,Sebastianites Cricket and Athletic Club,139.0
296,Sinhalese Sports Club,158.25
297,Colombo Cricket Club,161.75
299,Ragama Cricket Club,150.625
301,Sinhalese Sports Club,158.25
304,Australia,154.78787878787878
307,Victoria,167.41666666666666
308,New South Wales,137.5
312,Canterbury,161.9
317,Auckland,164.25714285714287
319,New Zealand,152.5
321,Cape Cobras,155.15384615384616
322,Lions,154.02702702702703
324,Titans,155.475
326,Titans,155.475
327,Cape Cobras,155.15384615384616
328,Eagles,152.08333333333334
329,Dolphins,157.17857142857142
330,Titans,155.475
338,Eagles,152.08333333333334
339,Eagles,152.08333333333334
340,South Africa,159.5185185185185
341,Abbottabad Rhinos,165.0
342,Hyderabad Hawks,160.28571428571428
343,Karachi Zebras,159.11111111111111
346,Lahore Lions,159.52631578947367
347,Abbottabad Rhinos,165.0
348,Faisalabad Wolves,149.58620689655172
349,Lahore Lions,159.52631578947367
352,Karachi Zebras,159.11111111111111
355,Lahore Eagles,165.07692307692307
356,Lahore Lions,159.52631578947367
360,Lahore Eagles,165.07692307692307
361,Lahore Lions,159.52631578947367
365,Faisalabad Wolves,149.58620689655172
367,Islamabad Leopards,135.33333333333334
369,Lahore Lions,159.52631578947367
371,Lahore Eagles,165.07692307692307
372,Peshawar Panthers,146.0
374,Faisalabad Wolves,149.58620689655172
375,Karachi Zebras,159.11111111111111
378,Faisalabad Wolves,149.58620689655172
381,Kent,157.525
382,Leicestershire,156.27027027027026
385,Somerset,180.33333333333334
386,Sussex,157.33333333333334
387,Yorkshire,158.0
388,Derbyshire,146.57142857142858
389,Glamorgan,145.3548387096774
390,Nottinghamshire,165.47058823529412
391,Surrey,155.7906976744186
393,Essex,167.3409090909091
394,Gloucestershire,154.63636363636363
395,Hampshire,161.79591836734693
398,Durham,155.37142857142857
400,Nottinghamshire,165.47058823529412
404,Essex,167.3409090909091
405,Glamorgan,145.3548387096774
406,Sussex,157.33333333333334
408,Kent,157.525
411,Hampshire,161.79591836734693
412,Lancashire,154.05769230769232
413,Northamptonshire,163.0810810810811
415,Gloucestershire,154.63636363636363
416,Kent,157.525
417,Nottinghamshire,165.47058823529412
419,Leicestershire,156.27027027027026
427,Essex,167.3409090909091
428,Gloucestershire,154.63636363636363
429,Hampshire,161.79591836734693
430,Leicestershire,156.27027027027026
431,Northamptonshire,163.0810810810811
432,Surrey,155.7906976744186
436,Essex,167.3409090909091
439,Lancashire,154.05769230769232
440,Worcestershire,168.05882352941177
441,Warwickshire,157.925
447,Middlesex,150.66666666666666
448,Nottinghamshire,165.47058823529412
449,Somerset,180.33333333333334
451,Yorkshire,158.0
454,Nottinghamshire,165.47058823529412
455,Leicestershire,156.27027027027026
456,Essex,167.3409090909091
458,Nottinghamshire,165.47058823529412
464,Nevis,104.0
465,St Vincent,96.0
467,Antigua,146.0
468,Guyana,139.57142857142858
471,Grenada,70.0
479,Guyana,139.57142857142858
481,Auckland,164.25714285714287
482,Northern Districts,159.875
490,Bangladesh,145.13333333333333
493,Karachi Zebras,159.11111111111111
498,Faisalabad Wolves,149.58620689655172
503,Lahore Lions,159.52631578947367
504,Lahore Lions,159.52631578947367
511,New Zealand,152.5
512,Australia,154.78787878787878
513,Western Australia,169.875
514,Queensland,170.14285714285714
516,Western Australia,169.875
518,Queensland,170.14285714285714
520,Tasmania,161.28571428571428
521,Victoria,167.41666666666666
522,South Australia,163.375
523,Victoria,167.41666666666666
525,Victoria,167.41666666666666
526,South Africa,159.5185185185185
527,Auckland,164.25714285714287
528,Central Districts,165.9090909090909
529,Otago,169.0
530,Northern Districts,159.875
532,Canterbury,161.9
533,Wellington,166.35294117647058
537,Wellington,166.35294117647058
540,Auckland,164.25714285714287
542,Auckland,164.25714285714287
543,Bloomfield Cricket and Athletic Club,124.16666666666667
544,Chilaw Marians Cricket Club,155.75
546,Tamil Union Cricket and Athletic Club,155.625
548,Moors Sports Club,144.85714285714286
549,Saracens Sports Club,142.5
550,Sri Lanka Army,128.5
552,Nondescripts Cricket Club,159.55555555555554
553,Saracens Sports Club,142.5
554,Tamil Union Cricket and Athletic Club,155.625
555,Bloomfield Cricket and Athletic Club,124.16666666666667
556,Chilaw Marians Cricket Club,155.75
557,Moors Sports Club,144.85714285714286
561,Sinhalese Sports Club,158.25
562,Tamil Union Cricket and Athletic Club,155.625
563,Burgher Recreation Club,132.4
565,Panadura Sports Club,133.66666666666666
566,Ragama Cricket Club,150.625
567,Ragama Cricket Club,150.625
569,Ragama Cricket Club,150.625
570,Eagles,152.08333333333334
571,Lions,154.02702702702703
573,Cape Cobras,155.15384615384616
574,Titans,155.475
577,Warriors,145.0857142857143
578,Lions,154.02702702702703
579,Cape Cobras,155.15384615384616
580,Dolphins,157.17857142857142
581,Lions,154.02702702702703
582,Eagles,152.08333333333334
583,Titans,155.475
584,Warriors,145.0857142857143
585,Cape Cobras,155.15384615384616
586,Lions,154.02702702702703
587,Lions,154.02702702702703
593,Gujarat,153.84615384615384
596,Karnataka,134.33333333333334
597,Madhya Pradesh,142.5909090909091
598,Orissa,140.66666666666666
599,Railways,140.92307692307693
602,Bengal,154.76
603,Delhi,145.93939393939394
606,Haryana,138.15
611,Rajasthan,152.45454545454547
612,Andhra,130.69230769230768
617,Madhya Pradesh,142.5909090909091
618,Mumbai,154.0
619,Orissa,140.66666666666666
620,Rajasthan,152.45454545454547
622,Baroda,148.71428571428572
623,Delhi,145.93939393939394
624,Goa,154.9
625,Haryana,138.15
626,Himachal Pradesh,138.23076923076923
630,Uttar Pradesh,151.14285714285714
632,Baroda,148.71428571428572
633,Bengal,154.76
635,Gujarat,153.84615384615384
637,Jharkhand,130.9
638,Karnataka,134.33333333333334
640,Madhya Pradesh,142.5909090909091
641,Punjab,131.8
642,Railways,140.92307692307693
644,Bengal,154.76
646,Haryana,138.15
648,Bengal,154.76
650,Gujarat,153.84615384615384
651,Haryana,138.15
652,Bengal,154.76
655,Tamil Nadu,172.0
657,Karnataka,134.33333333333334
659,Railways,140.92307692307693
660,Karnataka,134.33333333333334
662,Gujarat,153.84615384615384
667,Railways,140.92307692307693
670,England,157.76470588235293
671,Lancashire,154.05769230769232
673,Surrey,155.7906976744186
674,Warwickshire,157.925
675,Leicestershire,156.27027027027026
677,Essex,167.3409090909091
680,Nottinghamshire,165.47058823529412
681,Kent,157.525
682,Surrey,155.7906976744186
685,Warwickshire,157.925
686,Middlesex,150.66666666666666
689,Gloucestershire,154.63636363636363
692,Warwickshire,157.925
693,Glamorgan,145.3548387096774
694,Durham,155.37142857142857
696,Nottinghamshire,165.47058823529412
699,Lancashire,154.05769230769232
701,Essex,167.3409090909091
705,Nottinghamshire,165.47058823529412
706,Somerset,180.33333333333334
707,Worcestershire,168.05882352941177
713,Yorkshire,158.0
714,Hampshire,161.79591836734693
722,Middlesex,150.66666666666666
724,Sussex,157.33333333333334
726,Kent,157.525
728,Northamptonshire,163.0810810810811
729,Yorkshire,158.0
735,Gloucestershire,154.63636363636363
740,Sussex,157.33333333333334
742,Yorkshire,158.0
743,Gloucestershire,154.63636363636363
746,Sussex,157.33333333333334
747,Gloucestershire,154.63636363636363
748,Kent,157.525
750,Pakistan,153.42105263157896
754,Bangladesh,145.13333333333333
756,South Africa,159.5185185185185
758,Pakistan,153.42105263157896
760,Bangladesh,145.13333333333333
761,England,157.76470588235293
764,Australia,154.78787878787878
765,India,148.1818181818182
767,South Africa,159.5185185185185
769,Australia,154.78787878787878
770,South Africa,159.5185185185185
771,Pakistan,153.42105263157896
775,South Africa,159.5185185185185
777,Australia,154.78787878787878
782,India,148.1818181818182
783,India,148.1818181818182
784,South Africa,159.5185185185185
785,Australia,154.78787878787878
789,Tasmania,161.28571428571428
791,Western Australia,169.875
792,Tasmania,161.28571428571428
793,Victoria,167.41666666666666
794,Western Australia,169.875
795,New South Wales,137.5
797,Victoria,167.41666666666666
800,Queensland,170.14285714285714
803,South Africa,159.5185185185185
804,Australia,154.78787878787878
805,Northern Districts,159.875
807,Otago,169.0
808,Auckland,164.25714285714287
812,Wellington,166.35294117647058
813,Northern Districts,159.875
814,Wellington,166.35294117647058
815,Northern Districts,159.875
816,Canterbury,161.9
817,Central Districts,165.9090909090909
818,Auckland,164.25714285714287
820,Central Districts,165.9090909090909
826,Montserrat,70.0
831,Barbados,120.84615384615384
834,Antigua and Barbuda,153.0
837,Barbados,120.84615384615384
838,Jamaica,117.36363636363636
843,Easterns (Zimbabwe),144.25
844,Northerns (Zimbabwe),198.5
847,Centrals,117.0
849,Easterns (Zimbabwe),144.25
850,Northerns (Zimbabwe),198.5
853,Easterns (Zimbabwe),144.25
854,Pakistan,153.42105263157896
856,Cape Cobras,155.15384615384616
857,Eagles,152.08333333333334
858,Lions,154.02702702702703
860,Titans,155.475
863,Dolphins,157.17857142857142
868,Dolphins,157.17857142857142
869,Cape Cobras,155.15384615384616
870,Dolphins,157.17857142857142
871,Cape Cobras,155.15384615384616
874,Titans,155.475
876,Dolphins,157.17857142857142
882,Kandurata,141.66666666666666
883,Ruhuna,150.625
885,Basnahira North,126.0
889,Ruhuna,150.625
891,Basnahira South,139.75
899,Delhi Daredevils,155.0
900,Kolkata Knight Riders,146.57142857142858
902,Rajasthan Royals,156.4102564102564
904,Chennai Super Kings,167.34426229508196
906,Kings XI Punjab,169.25
907,Chennai Super Kings,167.34426229508196
909,Kings XI Punjab,169.25
913,Delhi Daredevils,155.0
914,Rajasthan Royals,156.4102564102564
917,Royal Challengers Bangalore,163.95744680851064
918,Kings XI Punjab,169.25
919,Mumbai Indians,166.9090909090909
920,Rajasthan Royals,156.4102564102564
923,Mumbai Indians,166.9090909090909
925,Kolkata Knight Riders,146.57142857142858
926,Rajasthan Royals,156.4102564102564
927,Chennai Super Kings,167.34426229508196
929,Rajasthan Royals,156.4102564102564
930,Kings XI Punjab,169.25
931,Kolkata Knight Riders,146.57142857142858
932,Mumbai Indians,166.9090909090909
933,Delhi Daredevils,155.0
934,Mumbai Indians,166.9090909090909
935,Rajasthan Royals,156.4102564102564
944,Kings XI Punjab,169.25
946,Delhi Daredevils,155.0
948,Kolkata Knight Riders,146.57142857142858
949,Rajasthan Royals,156.4102564102564
952,Kings XI Punjab,169.25
954,Chennai Super Kings,167.34426229508196
956,England,157.76470588235293
957,West Indies,135.42857142857142
961,Kent,157.525
962,Durham,155.37142857142857
965,Middlesex,150.66666666666666
967,Worcestershire,168.05882352941177
970,Northamptonshire,163.0810810810811
974,Glamorgan,145.3548387096774
976,Hampshire,161.79591836734693
977,Nottinghamshire,165.47058823529412
983,Lancashire,154.05769230769232
984,Surrey,155.7906976744186
985,Kent,157.525
987,Middlesex,150.66666666666666
989,Northamptonshire,163.0810810810811
990,Somerset,180.33333333333334
995,Yorkshire,158.0
997,Essex,167.3409090909091
999,Middlesex,150.66666666666666
1001,Nottinghamshire,165.47058823529412
1003,Kent,157.525
1005,Warwickshire,157.925
1007,Durham,155.37142857142857
1009,Essex,167.3409090909091
1010,Glamorgan,145.3548387096774
1012,Derbyshire,146.57142857142858
1015,Somerset,180.33333333333334
1016,Sussex,157.33333333333334
1017,Warwickshire,157.925
1019,Northamptonshire,163.0810810810811
1020,Kent,157.525
1021,Lancashire,154.05769230769232
1022,Hampshire,161.79591836734693
1023,Gloucestershire,154.63636363636363
1024,Leicestershire,156.27027027027026
1025,Middlesex,150.66666666666666
1026,Warwickshire,157.925
1027,Worcestershire,168.05882352941177
1028,Durham,155.37142857142857
1029,Essex,167.3409090909091
1032,Lancashire,154.05769230769232
1040,Essex,167.3409090909091
1042,Leicestershire,156.27027027027026
1049,Essex,167.3409090909091
1050,Middlesex,150.66666666666666
1052,Durham,155.37142857142857
1057,Ireland,128.28
1058,Canada,133.58333333333334
1061,Ireland,128.28
1062,Ireland,128.28
1063,Netherlands,141.07692307692307
1070,Lahore Lions,159.52631578947367
1073,Rawalpindi Rams,163.66666666666666
1074,Hyderabad Hawks,160.28571428571428
1075,Multan Tigers,132.125
1077,Lahore Eagles,165.07692307692307
1081,Islamabad Leopards,135.33333333333334
1082,Lahore Lions,159.52631578947367
1086,Sri Lanka,161.52941176470588
1089,Pakistan,153.42105263157896
1090,Pakistan,153.42105263157896
1094,Stanford Superstars,140.0
1095,England,157.76470588235293
1097,England,157.76470588235293
1098,Stanford Superstars,140.0
1099,Stanford Superstars,140.0
1100,South Africa,159.5185185185185
1102,New Zealand,152.5
1103,Australia,154.78787878787878
1104,Australia,154.78787878787878
1107,South Australia,163.375
1109,Tasmania,161.28571428571428
1110,Victoria,167.41666666666666
1112,Western Australia,169.875
1114,Victoria,167.41666666666666
1115,Queensland,170.14285714285714
1119,New South Wales,137.5
1121,New South Wales,137.5
1123,Australia,154.78787878787878
1124,Warriors,145.0857142857143
1125,Cape Cobras,155.15384615384616
1129,Eagles,152.08333333333334
1130,Dolphins,157.17857142857142
1132,Cape Cobras,155.15384615384616
1133,Warriors,145.0857142857143
1135,Titans,155.475
1136,Warriors,145.0857142857143
1137,Dolphins,157.17857142857142
1139,Eagles,152.08333333333334
1143,Warriors,145.0857142857143
1146,Cape Cobras,155.15384615384616
1147,New Zealand,152.5
1148,New Zealand,152.5
1149,Auckland,164.25714285714287
1150,Otago,169.0
1153,Canterbury,161.9
1157,Wellington,166.35294117647058
1161,Auckland,164.25714285714287
1162,Canterbury,161.9
1163,Otago,169.0
1164,Otago,169.0
1174,West Indies,135.42857142857142
1175,New Zealand A,227.0
1176,South Africa,159.5185185185185
1177,South Africa,159.5185185185185
1178,Ruhuna,150.625
1181,Basnahira South,139.75
1182,Wayamba,131.75
1183,Ruhuna,150.625
1184,Kandurata,141.66666666666666
1185,Wayamba,131.75
1186,Basnahira South,139.75
1188,Basnahira South,139.75
1190,Basnahira North,126.0
1191,Basnahira South,139.75
1193,Basnahira South,139.75
1197,Centrals,117.0
1201,Centrals,117.0
1204,Easterns (Zimbabwe),144.25
1212,Royal Challengers Bangalore,163.95744680851064
1213,Delhi Daredevils,155.0
1214,Deccan Chargers,153.92307692307693
1222,Deccan Chargers,153.92307692307693
1225,Kings XI Punjab,169.25
1229,Royal Challengers Bangalore,163.95744680851064
1230,Kings XI Punjab,169.25
1232,Chennai Super Kings,167.34426229508196
1234,Royal Challengers Bangalore,163.95744680851064
1236,Chennai Super Kings,167.34426229508196
1237,Kings XI Punjab,169.25
1238,Royal Challengers Bangalore,163.95744680851064
1239,Chennai Super Kings,167.34426229508196
1241,Delhi Daredevils,155.0
1242,Deccan Chargers,153.92307692307693
1244,Chennai Super Kings,167.34426229508196
1245,Delhi Daredevils,155.0
1247,Chennai Super Kings,167.34426229508196
1249,Delhi Daredevils,155.0
1250,Deccan Chargers,153.92307692307693
1251,Royal Challengers Bangalore,163.95744680851064
1254,Royal Challengers Bangalore,163.95744680851064
1257,Chennai Super Kings,167.34426229508196
1258,Deccan Chargers,153.92307692307693
1260,Delhi Daredevils,155.0
1262,Royal Challengers Bangalore,163.95744680851064
1263,Kolkata Knight Riders,146.57142857142858
1264,Chennai Super Kings,167.34426229508196
1265,Delhi Daredevils,155.0
1266,Royal Challengers Bangalore,163.95744680851064
1268,Royal Challengers Bangalore,163.95744680851064
1270,Faisalabad Wolves,149.58620689655172
1272,Lahore Eagles,165.07692307692307
1273,Lahore Lions,159.52631578947367
1274,Islamabad Leopards,135.33333333333334
1276,Hyderabad Hawks,160.28571428571428
1277,Faisalabad Wolves,149.58620689655172
1279,Lahore Lions,159.52631578947367
1281,Lahore Eagles,165.07692307692307
1283,Lahore Lions,159.52631578947367
1289,New Zealand,152.5
1293,England,157.76470588235293
1298,Sri Lanka,161.52941176470588
1299,India,148.1818181818182
1304,South Africa,159.5185185185185
1307,England,157.76470588235293
1312,Pakistan,153.42105263157896
1313,Sri Lanka,161.52941176470588
1314,Pakistan,153.42105263157896
1316,Australia A,174.0
1317,West Indies,135.42857142857142
1319,Hampshire,161.79591836734693
1320,Northamptonshire,163.0810810810811
1322,Yorkshire,158.0
1325,Worcestershire,168.05882352941177
1327,Lancashire,154.05769230769232
1330,Somerset,180.33333333333334
1331,Surrey,155.7906976744186
1333,Glamorgan,145.3548387096774
1334,Lancashire,154.05769230769232
1337,Kent,157.525
1338,Northamptonshire,163.0810810810811
1340,Warwickshire,157.925
1344,Essex,167.3409090909091
1345,Sussex,157.33333333333334
1349,Durham,155.37142857142857
1350,Hampshire,161.79591836734693
1352,Kent,157.525
1354,Somerset,180.33333333333334
1356,Essex,167.3409090909091
1357,Sussex,157.33333333333334
1358,Lancashire,154.05769230769232
1360,Yorkshire,158.0
1362,Leicestershire,156.27027027027026
1363,Worcestershire,168.05882352941177
1366,Lancashire,154.05769230769232
1368,Warwickshire,157.925
1369,Yorkshire,158.0
1371,Hampshire,161.79591836734693
1372,Sussex,157.33333333333334
1374,Kent,157.525
1376,Nottinghamshire,165.47058823529412
1377,Essex,167.3409090909091
1378,Sussex,157.33333333333334
1380,Somerset,180.33333333333334
1381,Warwickshire,157.925
1383,Hampshire,161.79591836734693
1384,Nottinghamshire,165.47058823529412
1386,Worcestershire,168.05882352941177
1387,Durham,155.37142857142857
1391,Leicestershire,156.27027027027026
1392,Middlesex,150.66666666666666
1393,Nottinghamshire,165.47058823529412
1401,Kent,157.525
1404,Northamptonshire,163.0810810810811
1406,Warwickshire,157.925
1409,Kent,157.525
1410,Sussex,157.33333333333334
1412,Northamptonshire,163.0810810810811
1423,Cape Cobras,155.15384615384616
1425,New South Wales,137.5
1426,Delhi Daredevils,155.0
1428,Royal Challengers Bangalore,163.95744680851064
1433,Eagles,152.08333333333334
1435,Cape Cobras,155.15384615384616
1436,Royal Challengers Bangalore,163.95744680851064
1437,New South Wales,137.5
1440,New South Wales,137.5
1442,New South Wales,137.5
1446,South Africa,159.5185185185185
1448,India,148.1818181818182
1452,Tasmania,161.28571428571428
1453,Victoria,167.41666666666666
1454,South Australia,163.375
1455,Western Australia,169.875
1456,South Australia,163.375
1457,Queensland,170.14285714285714
1458,Western Australia,169.875
1459,South Australia,163.375
1461,Victoria,167.41666666666666
1462,Queensland,170.14285714285714
1463,New South Wales,137.5
1466,Northern Districts,159.875
1467,Central Districts,165.9090909090909
1470,Central Districts,165.9090909090909
1471,Wellington,166.35294117647058
1473,Central Districts,165.9090909090909
1475,Auckland,164.25714285714287
1478,Otago,169.0
1479,Auckland,164.25714285714287
1481,Central Districts,165.9090909090909
1482,Northern Districts,159.875
1483,Otago,169.0
1486,Northern Districts,159.875
1487,Auckland,164.25714285714287
1489,Wellington,166.35294117647058
1496,Central Districts,165.9090909090909
1497,New Zealand,152.5
1498,Kenya,146.0
1499,Scotland,140.6
1500,Kenya,146.0
1501,Kenya,146.0
1502,Scotland,140.6
1503,Kenya,146.0
1504,Sri Lanka A,140.375
1506,Canada,133.58333333333334
1507,Sri Lanka A,140.375
1508,Afghanistan,145.5609756097561
1509,Sri Lanka A,140.375
1510,Australia,154.78787878787878
1512,Afghanistan,145.5609756097561
1513,United Arab Emirates,139.08333333333334
1515,Afghanistan,145.5609756097561
1517,Ireland,128.28
1518,United Arab Emirates,139.08333333333334
1519,United Arab Emirates,139.08333333333334
1520,Afghanistan,145.5609756097561
1522,Ireland,128.28
1526,Ireland,128.28
1527,Afghanistan,145.5609756097561
1528,England,157.76470588235293
1530,Mountaineers,158.85714285714286
1534,Mid West Rhinos,153.42857142857142
1536,Mashonaland Eagles,158.2941176470588
1537,Mountaineers,158.85714285714286
1539,Mashonaland Eagles,158.2941176470588
1540,Mountaineers,158.85714285714286
1541,Mid West Rhinos,153.42857142857142
1547,Australia,154.78787878787878
1548,Australia,154.78787878787878
1550,New Zealand,152.5
1552,Lahore Lions,159.52631578947367
1553,Multan Tigers,132.125
1556,Multan Tigers,132.125
1560,Lahore Lions,159.52631578947367
1562,Peshawar Panthers,146.0
1563,Lahore Lions,159.52631578947367
1565,Faisalabad Wolves,149.58620689655172
1570,Ruhuna,150.625
1571,Wayamba,131.75
1573,Ruhuna,150.625
1577,Wayamba,131.75
1580,Basnahira South,139.75
1581,Ruhuna,150.625
1582,Basnahira North,126.0
1583,Basnahira South,139.75
1589,Cape Cobras,155.15384615384616
1590,Warriors,145.0857142857143
1592,Titans,155.475
1596,Cape Cobras,155.15384615384616
1599,Lions,154.02702702702703
1600,Warriors,145.0857142857143
1602,Titans,155.475
1603,Lions,154.02702702702703
1604,Warriors,145.0857142857143
1607,Warriors,145.0857142857143
1609,Goa,154.9
1614,Andhra,130.69230769230768
1624,Assam,139.0
1626,Delhi,145.93939393939394
1627,Gujarat,153.84615384615384
1628,Himachal Pradesh,138.23076923076923
1629,Jharkhand,130.9
1630,Punjab,131.8
1631,Railways,140.92307692307693
1633,Assam,139.0
1634,Delhi,145.93939393939394
1637,Madhya Pradesh,142.5909090909091
1638,Maharashtra,144.875
1639,Orissa,140.66666666666666
1641,Assam,139.0
1645,Haryana,138.15
1646,Mumbai,154.0
1647,Punjab,131.8
1648,Railways,140.92307692307693
1651,Madhya Pradesh,142.5909090909091
1653,Baroda,148.71428571428572
1654,Bengal,154.76
1655,Delhi,145.93939393939394
1656,Himachal Pradesh,138.23076923076923
1658,Maharashtra,144.875
1659,Punjab,131.8
1660,Uttar Pradesh,151.14285714285714
1663,Delhi,145.93939393939394
1665,Haryana,138.15
1666,Madhya Pradesh,142.5909090909091
1669,Assam,139.0
1671,Hyderabad (India),164.33333333333334
1674,Maharashtra,144.875
1679,Dhaka Division,130.0
1681,Barisal Division,118.0
1683,Dhaka Division,130.0
1686,Dhaka Division,130.0
1687,Dhaka Division,130.0
1690,Dhaka Division,130.0
1692,Khulna Division,134.0
1696,Mumbai Indians,166.9090909090909
1698,Kolkata Knight Riders,146.57142857142858
1701,Royal Challengers Bangalore,163.95744680851064
1704,Royal Challengers Bangalore,163.95744680851064
1706,Deccan Chargers,153.92307692307693
1707,Rajasthan Royals,156.4102564102564
1709,Deccan Chargers,153.92307692307693
1711,Mumbai Indians,166.9090909090909
1712,Royal Challengers Bangalore,163.95744680851064
1715,Mumbai Indians,166.9090909090909
1716,Rajasthan Royals,156.4102564102564
1718,Rajasthan Royals,156.4102564102564
1720,Delhi Daredevils,155.0
1721,Mumbai Indians,166.9090909090909
1722,Chennai Super Kings,167.34426229508196
1723,Delhi Daredevils,155.0
1724,Kolkata Knight Riders,146.57142857142858
1726,Chennai Super Kings,167.34426229508196
1727,Mumbai Indians,166.9090909090909
1729,Delhi Daredevils,155.0
1731,Chennai Super Kings,167.34426229508196
1732,Rajasthan Royals,156.4102564102564
1733,Kolkata Knight Riders,146.57142857142858
1735,Kings XI Punjab,169.25
1736,Deccan Chargers,153.92307692307693
1737,Royal Challengers Bangalore,163.95744680851064
1740,Deccan Chargers,153.92307692307693
1741,Mumbai Indians,166.9090909090909
1742,Chennai Super Kings,167.34426229508196
1747,Kolkata Knight Riders,146.57142857142858
1750,Kolkata Knight Riders,146.57142857142858
1752,Chennai Super Kings,167.34426229508196
1753,Royal Challengers Bangalore,163.95744680851064
1754,Chennai Super Kings,167.34426229508196
1755,New Zealand,152.5
1756,West Indies,135.42857142857142
1759,India,148.1818181818182
1760,Australia,154.78787878787878
1761,Sri Lanka,161.52941176470588
1762,West Indies,135.42857142857142
1763,New Zealand,152.5
1765,Australia,154.78787878787878
1767,England,157.76470588235293
1769,Australia,154.78787878787878
1771,New Zealand,152.5
1772,England,157.76470588235293
1773,West Indies,135.42857142857142
1774,Australia,154.78787878787878
1775,Pakistan,153.42105263157896
1776,England,157.76470588235293
1779,England,157.76470588235293
1780,Australia,154.78787878787878
1784,New Zealand,152.5
1788,Australia A,174.0
1792,Jamaica,117.36363636363636
1793,Guyana,139.57142857142858
1794,Barbados,120.84615384615384
1798,Barbados,120.84615384615384
1804,Barbados,120.84615384615384
1805,Trinidad & Tobago,141.2
1807,Sussex,157.33333333333334
1810,Warwickshire,157.925
1813,Hampshire,161.79591836734693
1814,Worcestershire,168.05882352941177
1816,Glamorgan,145.3548387096774
1820,Glamorgan,145.3548387096774
1822,Lancashire,154.05769230769232
1825,Yorkshire,158.0
1832,Nottinghamshire,165.47058823529412
1833,Northamptonshire,163.0810810810811
1840,Hampshire,161.79591836734693
1841,Nottinghamshire,165.47058823529412
1844,Middlesex,150.66666666666666
1845,Durham,155.37142857142857
1846,Middlesex,150.66666666666666
1847,Nottinghamshire,165.47058823529412
1848,Warwickshire,157.925
1851,Yorkshire,158.0
1854,Surrey,155.7906976744186
1855,Somerset,180.33333333333334
1857,Durham,155.37142857142857
1859,Sussex,157.33333333333334
1863,Lancashire,154.05769230769232
1868,Derbyshire,146.57142857142858
1869,Lancashire,154.05769230769232
1870,Surrey,155.7906976744186
1871,Yorkshire,158.0
1876,Sussex,157.33333333333334
1877,Yorkshire,158.0
1878,Middlesex,150.66666666666666
1880,Somerset,180.33333333333334
1881,Warwickshire,157.925
1882,Worcestershire,168.05882352941177
1883,Nottinghamshire,165.47058823529412
1884,Hampshire,161.79591836734693
1885,Essex,167.3409090909091
1886,Glamorgan,145.3548387096774
1887,Northamptonshire,163.0810810810811
1889,Nottinghamshire,165.47058823529412
1891,Worcestershire,168.05882352941177
1892,Gloucestershire,154.63636363636363
1894,Somerset,180.33333333333334
1896,Hampshire,161.79591836734693
1898,Gloucestershire,154.63636363636363
1901,Surrey,155.7906976744186
1904,Derbyshire,146.57142857142858
1905,Essex,167.3409090909091
1907,Somerset,180.33333333333334
1910,Kent,157.525
1911,Lancashire,154.05769230769232
1915,Somerset,180.33333333333334
1917,Lancashire,154.05769230769232
1918,Glamorgan,145.3548387096774
1925,Worcestershire,168.05882352941177
1927,Kent,157.525
1929,Lancashire,154.05769230769232
1930,Warwickshire,157.925
1933,Northamptonshire,163.0810810810811
1934,Essex,167.3409090909091
1937,Warwickshire,157.925
1942,Nottinghamshire,165.47058823529412
1950,Hampshire,161.79591836734693
1952,Nottinghamshire,165.47058823529412
1953,Somerset,180.33333333333334
1954,Essex,167.3409090909091
1955,Hampshire,161.79591836734693
1957,Hampshire,161.79591836734693
1958,England,157.76470588235293
1959,England,157.76470588235293
1960,Lions,154.02702702702703
1961,Warriors,145.0857142857143
1964,Royal Challengers Bangalore,163.95744680851064
1965,Warriors,145.0857142857143
1968,Chennai Super Kings,167.34426229508196
1973,Lions,154.02702702702703
1974,Mumbai Indians,166.9090909090909
1975,Victoria,167.41666666666666
1979,Chennai Super Kings,167.34426229508196
1980,Chennai Super Kings,167.34426229508196
1981,Warriors,145.0857142857143
1983,South Africa,159.5185185185185
1984,South Africa,159.5185185185185
1985,Multan Tigers,132.125
1988,Faisalabad Wolves,149.58620689655172
1991,Hyderabad Hawks,160.28571428571428
1993,Lahore Lions,159.52631578947367
1994,Islamabad Leopards,135.33333333333334
1995,Abbottabad Falcons,139.45454545454547
1996,Lahore Lions,159.52631578947367
1997,Rawalpindi Rams,163.66666666666666
2006,West Indies A,122.6
2007,West Indies A,122.6
2008,Mashonaland Eagles,158.2941176470588
2010,Mid West Rhinos,153.42857142857142
2012,Mashonaland Eagles,158.2941176470588
2014,Mashonaland Eagles,158.2941176470588
2015,Matabeleland Tuskers,139.0
2018,Mashonaland Eagles,158.2941176470588
2019,Mid West Rhinos,153.42857142857142
2020,Matabeleland Tuskers,139.0
2021,Mashonaland Eagles,158.2941176470588
2022,New Zealand,152.5
2023,New Zealand,152.5
2026,Auckland,164.25714285714287
2027,Wellington,166.35294117647058
2038,Canterbury,161.9
2039,Northern Districts,159.875
2044,Auckland,164.25714285714287
2047,Canterbury,161.9
2048,Central Districts,165.9090909090909
2052,Canterbury,161.9
2053,Central Districts,165.9090909090909
2055,Auckland,164.25714285714287
2058,Australia,154.78787878787878
2060,Jamaica,117.36363636363636
2061,Canada,133.58333333333334
2062,Barbados,120.84615384615384
2063,Guyana,139.57142857142858
2064,Combined Campuses and Colleges,134.5
2067,Somerset,180.33333333333334
2069,Hampshire,161.79591836734693
2071,Jamaica,117.36363636363636
2074,Barbados,120.84615384615384
2079,Hampshire,161.79591836734693
2081,Jamaica,117.36363636363636
2084,Victoria,167.41666666666666
2086,Queensland,170.14285714285714
2087,South Australia,163.375
2089,Tasmania,161.28571428571428
2091,Western Australia,169.875
2093,South Australia,163.375
2098,Tasmania,161.28571428571428
2102,South Australia,163.375
2108,Kerala,143.0
2121,Haryana,138.15
2123,Orissa,140.66666666666666
2124,Rajasthan,152.45454545454547
2125,Delhi,145.93939393939394
2126,Madhya Pradesh,142.5909090909091
2128,Maharashtra,144.875
2130,Delhi,145.93939393939394
2133,Rajasthan,152.45454545454547
2134,Haryana,138.15
2135,Railways,140.92307692307693
2136,Baroda,148.71428571428572
2137,Mumbai,154.0
2138,Assam,139.0
2139,Bengal,154.76
2140,Delhi,145.93939393939394
2141,Haryana,138.15
2145,Bengal,154.76
2146,Orissa,140.66666666666666
2148,Assam,139.0
2149,Bengal,154.76
2150,Delhi,145.93939393939394
2152,Madhya Pradesh,142.5909090909091
2153,Baroda,148.71428571428572
2154,Himachal Pradesh,138.23076923076923
2158,Delhi,145.93939393939394
2162,Madhya Pradesh,142.5909090909091
2163,Bengal,154.76
2166,Madhya Pradesh,142.5909090909091
2167,Bengal,154.76
2168,Haryana,138.15
2169,Bengal,154.76
2171,Bengal,154.76
2172,Cape Cobras,155.15384615384616
2173,Lions,154.02702702702703
2174,Warriors,145.0857142857143
2180,Dolphins,157.17857142857142
2182,Titans,155.475
2183,Warriors,145.0857142857143
2184,Cape Cobras,155.15384615384616
2185,Titans,155.475
2186,Dolphins,157.17857142857142
2187,Warriors,145.0857142857143
2188,Cape Cobras,155.15384615384616
2193,Cape Cobras,155.15384615384616
2194,West Indies,135.42857142857142
2195,Chennai Super Kings,167.34426229508196
2199,Pune Warriors,151.0
2200,Kolkata Knight Riders,146.57142857142858
2201,Rajasthan Royals,156.4102564102564
2203,Kings XI Punjab,169.25
2204,Pune Warriors,151.0
2205,Deccan Chargers,153.92307692307693
2208,Chennai Super Kings,167.34426229508196
2211,Kolkata Knight Riders,146.57142857142858
2212,Kochi Tuskers Kerala,129.66666666666666
2215,Mumbai Indians,166.9090909090909
2217,Kings XI Punjab,169.25
2219,Mumbai Indians,166.9090909090909
2220,Delhi Daredevils,155.0
2222,Rajasthan Royals,156.4102564102564
2223,Chennai Super Kings,167.34426229508196
2228,Rajasthan Royals,156.4102564102564
2229,Royal Challengers Bangalore,163.95744680851064
2231,Kolkata Knight Riders,146.57142857142858
2232,Rajasthan Royals,156.4102564102564
2233,Chennai Super Kings,167.34426229508196
2234,Mumbai Indians,166.9090909090909
2237,Chennai Super Kings,167.34426229508196
2239,Kochi Tuskers Kerala,129.66666666666666
2241,Royal Challengers Bangalore,163.95744680851064
2242,Kolkata Knight Riders,146.57142857142858
2243,Mumbai Indians,166.9090909090909
2244,Royal Challengers Bangalore,163.95744680851064
2248,Kings XI Punjab,169.25
2250,Chennai Super Kings,167.34426229508196
2252,Royal Challengers Bangalore,163.95744680851064
2254,Kings XI Punjab,169.25
2255,Kochi Tuskers Kerala,129.66666666666666
2257,Kings XI Punjab,169.25
2258,Chennai Super Kings,167.34426229508196
2263,Royal Challengers Bangalore,163.95744680851064
2267,Royal Challengers Bangalore,163.95744680851064
2268,Chennai Super Kings,167.34426229508196
2271,Faisalabad Wolves,149.58620689655172
2273,Hyderabad Hawks,160.28571428571428
2274,Lahore Lions,159.52631578947367
2290,Kandurata,141.66666666666666
2291,Basnahira,141.66666666666666
2292,Basnahira,141.66666666666666
2294,Basnahira,141.66666666666666
2295,Combined Provinces,156.0
2298,Ruhuna,150.625
2299,Sri Lanka,161.52941176470588
2300,Sri Lanka,161.52941176470588
2301,Afghanistan,145.5609756097561
2302,Canada,133.58333333333334
2303,Canada,133.58333333333334
2304,Trinidad & Tobago,141.2
2305,Afghanistan,145.5609756097561
2307,Hampshire,161.79591836734693
2309,Surrey,155.7906976744186
2311,Sussex,157.33333333333334
2313,Lancashire,154.05769230769232
2315,Nottinghamshire,165.47058823529412
2317,Essex,167.3409090909091
2318,Hampshire,161.79591836734693
2319,Glamorgan,145.3548387096774
2322,Nottinghamshire,165.47058823529412
2323,Somerset,180.33333333333334
2330,Hampshire,161.79591836734693
2332,Yorkshire,158.0
2337,Worcestershire,168.05882352941177
2340,Derbyshire,146.57142857142858
2342,Nottinghamshire,165.47058823529412
2343,Gloucestershire,154.63636363636363
2350,Surrey,155.7906976744186
2351,Durham,155.37142857142857
2353,Sussex,157.33333333333334
2354,Kent,157.525
2359,Nottinghamshire,165.47058823529412
2364,Yorkshire,158.0
2369,Nottinghamshire,165.47058823529412
2370,Kent,157.525
2374,Surrey,155.7906976744186
2375,Glamorgan,145.3548387096774
2376,Essex,167.3409090909091
2377,Durham,155.37142857142857
2378,Middlesex,150.66666666666666
2384,Hampshire,161.79591836734693
2385,Leicestershire,156.27027027027026
2386,Derbyshire,146.57142857142858
2387,Durham,155.37142857142857
2389,Nottinghamshire,165.47058823529412
2390,Worcestershire,168.05882352941177
2391,Kent,157.525
2392,Somerset,180.33333333333334
2393,Hampshire,161.79591836734693
2395,Leicestershire,156.27027027027026
2397,Hampshire,161.79591836734693
2398,Gloucestershire,154.63636363636363
2399,Lancashire,154.05769230769232
2404,Kent,157.525
2406,Essex,167.3409090909091
2407,Durham,155.37142857142857
2408,Lancashire,154.05769230769232
2409,Leicestershire,156.27027027027026
2411,Sussex,157.33333333333334
2412,Kent,157.525
2414,Surrey,155.7906976744186
2420,Hampshire,161.79591836734693
2422,Sussex,157.33333333333334
2424,Leicestershire,156.27027027027026
2425,Somerset,180.33333333333334
2426,Worcestershire,168.05882352941177
2427,Surrey,155.7906976744186
2429,Essex,167.3409090909091
2432,Lancashire,154.05769230769232
2434,Yorkshire,158.0
2437,Warwickshire,157.925
2439,Gloucestershire,154.63636363636363
2440,Lancashire,154.05769230769232
2441,Durham,155.37142857142857
2445,Glamorgan,145.3548387096774
2447,Lancashire,154.05769230769232
2448,Nottinghamshire,165.47058823529412
2449,Sussex,157.33333333333334
2451,Leicestershire,156.27027027027026
2453,Hampshire,161.79591836734693
2457,Leicestershire,156.27027027027026
2458,England,157.76470588235293
2461,England,157.76470588235293
2463,Abbottabad Falcons,139.45454545454547
2467,Karachi Zebras,159.11111111111111
2469,Lahore Eagles,165.07692307692307
2473,Faisalabad Wolves,149.58620689655172
2487,Namibia,158.0
2496,Cape Cobras,155.15384615384616
2498,Warriors,145.0857142857143
2500,Mumbai Indians,166.9090909090909
2502,New South Wales,137.5
2503,Chennai Super Kings,167.34426229508196
2507,Kolkata Knight Riders,146.57142857142858
2510,Royal Challengers Bangalore,163.95744680851064
2513,Somerset,180.33333333333334
2514,Royal Challengers Bangalore,163.95744680851064
2515,Royal Challengers Bangalore,163.95744680851064
2516,Mumbai Indians,166.9090909090909
2518,Bangladesh,145.13333333333333
2520,South Africa,159.5185185185185
2524,Namibia,158.0
2525,Namibia,158.0
2526,Namibia,158.0
2527,Namibia,158.0
2528,Namibia,158.0
2531,Namibia,158.0
2533,West Indies A,122.6
2534,Pakistan,153.42105263157896
2538,Matabeleland Tuskers,139.0
2540,Matabeleland Tuskers,139.0
2542,Mid West Rhinos,153.42857142857142
2545,Mashonaland Eagles,158.2941176470588
2546,Mashonaland Eagles,158.2941176470588
2548,Mashonaland Eagles,158.2941176470588
2550,Easterns,148.33333333333334
2553,Western Province,151.5
2554,Boland,146.57142857142858
2555,Northerns,129.5
2563,Eastern Province,131.92307692307693
2564,Free State,150.9
2566,Eastern Province,131.92307692307693
2567,Griqualand West,138.44444444444446
2570,KwaZulu-Natal,137.2
2577,Western Province,151.5
2579,Boland,146.57142857142858
2580,Griqualand West,138.44444444444446
2581,Gauteng,129.22222222222223
2582,Eastern Province,131.92307692307693
2583,KwaZulu-Natal Inland,137.25
2584,North West,168.88888888888889
2585,Northerns,129.5
2586,South Western Districts,133.6
2587,Easterns,148.33333333333334
2588,KwaZulu-Natal,137.2
2589,North West,168.88888888888889
2594,Guyana,139.57142857142858
2599,Jamaica,117.36363636363636
2600,Barbados,120.84615384615384
2603,Combined Campuses and Colleges,134.5
2604,Barbados,120.84615384615384
2608,Barbados,120.84615384615384
2611,Jamaica,117.36363636363636
2612,Barbados,120.84615384615384
2613,Jamaica,117.36363636363636
2617,Auckland,164.25714285714287
2619,Otago,169.0
2620,Auckland,164.25714285714287
2621,Canterbury,161.9
2623,Wellington,166.35294117647058
2628,Otago,169.0
2629,Central Districts,165.9090909090909
2632,Northern Districts,159.875
2634,Auckland,164.25714285714287
2635,Canterbury,161.9
2639,Auckland,164.25714285714287
2642,Canterbury,161.9
2645,Central Districts,165.9090909090909
2647,Auckland,164.25714285714287
2649,Bangladesh A,166.0
2650,Sydney Sixers,157.54545454545453
2652,Adelaide Strikers,163.11111111111111
2655,Hobart Hurricanes,174.72727272727272
2657,Sydney Thunder,160.75
2658,Sydney Sixers,157.54545454545453
2660,Perth Scorchers,155.52941176470588
2662,Hobart Hurricanes,174.72727272727272
2663,Melbourne Renegades,142.0
2666,Brisbane Heat,181.42857142857142
2667,Melbourne Stars,150.86666666666667
2669,Perth Scorchers,155.52941176470588
2674,Brisbane Heat,181.42857142857142
2675,Hobart Hurricanes,174.72727272727272
2676,Sydney Sixers,157.54545454545453
2677,Melbourne Stars,150.86666666666667
2678,Perth Scorchers,155.52941176470588
2681,Australia,154.78787878787878
2683,New Zealand,152.5
2684,New Zealand,152.5
2685,New Zealand,152.5
2692,England,157.76470588235293
2693,England,157.76470588235293
2694,Barisal Burners,154.72727272727272
2695,Chittagong Kings,159.1
2697,Barisal Burners,154.72727272727272
2698,Chittagong Kings,159.1
2699,Dhaka Gladiators,172.66666666666666
2702,Duronto Rajshahi,149.4
2704,Chittagong Kings,159.1
2705,Duronto Rajshahi,149.4
2708,Khulna Royal Bengals,168.8
2711,Barisal Burners,154.72727272727272
2714,Dhaka Gladiators,172.66666666666666
2715,Barisal Burners,154.72727272727272
2716,Chittagong Kings,159.1
2720,Duronto Rajshahi,149.4
2721,Barisal Burners,154.72727272727272
2723,Khulna Royal Bengals,168.8
2724,Barisal Burners,154.72727272727272
2725,Dhaka Gladiators,172.66666666666666
2727,Afghanistan,145.5609756097561
2728,Italy,130.2
2730,Uganda,124.0
2735,Ireland,128.28
2736,Canada,133.58333333333334
2738,Italy,130.2
2739,Afghanistan,145.5609756097561
2742,Namibia,158.0
2743,Canada,133.58333333333334
2744,Namibia,158.0
2745,Ireland,128.28
2746,Afghanistan,145.5609756097561
2747,Scotland,140.6
2748,Kenya,146.0
2753,Namibia,158.0
2756,Ireland,128.28
2758,Afghanistan,145.5609756097561
2761,Netherlands,141.07692307692307
2762,Italy,130.2
2763,Afghanistan,145.5609756097561
2764,Ireland,128.28
2767,Netherlands,141.07692307692307
2769,Kenya,146.0
2770,Afghanistan,145.5609756097561
2771,Bermuda,149.5
2772,Ireland,128.28
2773,Canada,133.58333333333334
2774,Namibia,158.0
2775,Afghanistan,145.5609756097561
2776,Kenya,146.0
2777,Ireland,128.28
2782,Canada,133.58333333333334
2785,Hong Kong,129.66666666666666
2786,Netherlands,141.07692307692307
2787,Afghanistan,145.5609756097561
2791,Bermuda,149.5
2792,Ireland,128.28
2795,Hong Kong,129.66666666666666
2796,Nepal,132.0
2797,Ireland,128.28
2803,Karnataka,134.33333333333334
2807,Karnataka,134.33333333333334
2810,Baroda,148.71428571428572
2814,Madhya Pradesh,142.5909090909091
2815,Delhi,145.93939393939394
2818,Orissa,140.66666666666666
2819,Rajasthan,152.45454545454547
2820,Andhra,130.69230769230768
2822,Delhi,145.93939393939394
2824,Madhya Pradesh,142.5909090909091
2826,Punjab,131.8
2829,Haryana,138.15
2831,Uttar Pradesh,151.14285714285714
2832,Baroda,148.71428571428572
2834,Haryana,138.15
2835,Punjab,131.8
2836,Railways,140.92307692307693
2837,Assam,139.0
2839,Madhya Pradesh,142.5909090909091
2840,Mumbai,154.0
2841,Jharkhand,130.9
2842,Bengal,154.76
2843,Assam,139.0
2845,Delhi,145.93939393939394
2847,Railways,140.92307692307693
2848,Bengal,154.76
2849,Himachal Pradesh,138.23076923076923
2851,Uttar Pradesh,151.14285714285714
2852,Delhi,145.93939393939394
2854,Haryana,138.15
2855,Railways,140.92307692307693
2856,Baroda,148.71428571428572
2858,Madhya Pradesh,142.5909090909091
2859,Baroda,148.71428571428572
2861,Delhi,145.93939393939394
2862,Mumbai,154.0
2865,Baroda,148.71428571428572
2867,Baroda,148.71428571428572
2869,West Indies,135.42857142857142
2870,South Africa,159.5185185185185
2871,Faisalabad Wolves,149.58620689655172
2872,Lahore Lions,159.52631578947367
2876,Lahore Lions,159.52631578947367
2878,Lahore Eagles,165.07692307692307
2889,Lions,154.02702702702703
2890,Dolphins,157.17857142857142
2892,Cape Cobras,155.15384615384616
2897,Lions,154.02702702702703
2899,Knights,154.9090909090909
2907,Warriors,145.0857142857143
2910,Lions,154.02702702702703
2911,Cape Cobras,155.15384615384616
2914,Cape Cobras,155.15384615384616
2916,Lions,154.02702702702703
2918,Lions,154.02702702702703
2919,Titans,155.475
2921,Knights,154.9090909090909
2923,Knights,154.9090909090909
2924,Titans,155.475
2925,Dolphins,157.17857142857142
2927,Titans,155.475
2928,Titans,155.475
2930,Burgher Recreation Club,132.4
2931,Chilaw Marians Cricket Club,155.75
2932,Colts Cricket Club,157.55555555555554
2933,Nondescripts Cricket Club,159.55555555555554
2934,Bloomfield Cricket and Athletic Club,124.16666666666667
2935,Colombo Cricket Club,161.75
2936,Moors Sports Club,144.85714285714286
2938,Burgher Recreation Club,132.4
2939,Colombo Cricket Club,161.75
2940,Panadura Sports Club,133.66666666666666
2942,Badureliya Sports Club,155.0
2944,Lankan Cricket Club,93.0
2945,Moors Sports Club,144.85714285714286
2946,Badureliya Sports Club,155.0
2948,Colts Cricket Club,157.55555555555554
2949,Sinhalese Sports Club,158.25
2951,Burgher Recreation Club,132.4
2954,Bloomfield Cricket and Athletic Club,124.16666666666667
2957,Nondescripts Cricket Club,159.55555555555554
2959,Colombo Cricket Club,161.75
2961,Ragama Cricket Club,150.625
2962,Badureliya Sports Club,155.0
2963,Burgher Recreation Club,132.4
2964,Kurunegala Youth Cricket Club,148.0
2965,Panadura Sports Club,133.66666666666666
2966,Chilaw Marians Cricket Club,155.75
2968,Nondescripts Cricket Club,159.55555555555554
2970,Colts Cricket Club,157.55555555555554
2971,Burgher Recreation Club,132.4
2972,Nondescripts Cricket Club,159.55555555555554
2973,Burgher Recreation Club,132.4
2977,Rajasthan Royals,156.4102564102564
2978,Royal Challengers Bangalore,163.95744680851064
2980,Rajasthan Royals,156.4102564102564
2981,Pune Warriors,151.0
2984,Delhi Daredevils,155.0
2985,Mumbai Indians,166.9090909090909
2986,Chennai Super Kings,167.34426229508196
2987,Kings XI Punjab,169.25
2988,Kolkata Knight Riders,146.57142857142858
2989,Pune Warriors,151.0
2993,Rajasthan Royals,156.4102564102564
2994,Royal Challengers Bangalore,163.95744680851064
2996,Delhi Daredevils,155.0
2997,Chennai Super Kings,167.34426229508196
2999,Chennai Super Kings,167.34426229508196
3009,Delhi Daredevils,155.0
3011,Kolkata Knight Riders,146.57142857142858
3012,Delhi Daredevils,155.0
3013,Mumbai Indians,166.9090909090909
3015,Deccan Chargers,153.92307692307693
3019,Chennai Super Kings,167.34426229508196
3020,Kolkata Knight Riders,146.57142857142858
3022,Mumbai Indians,166.9090909090909
3023,Royal Challengers Bangalore,163.95744680851064
3032,Chennai Super Kings,167.34426229508196
3033,Rajasthan Royals,156.4102564102564
3034,Kings XI Punjab,169.25
3037,Delhi Daredevils,155.0
3039,Kings XI Punjab,169.25
3041,Deccan Chargers,153.92307692307693
3044,Deccan Chargers,153.92307692307693
3047,Chennai Super Kings,167.34426229508196
3049,Kolkata Knight Riders,146.57142857142858
3050,Sri Lanka,161.52941176470588
3052,West Indies A,122.6
3054,England,157.76470588235293
3055,Zimbabwe XI,160.0
3057,Zimbabwe XI,160.0
3059,Bangladesh XI,132.0
3061,Zimbabwe XI,160.0
3069,Netherlands,141.07692307692307
3073,Somerset,180.33333333333334
3074,Surrey,155.7906976744186
3078,Derbyshire,146.57142857142858
3086,Worcestershire,168.05882352941177
3087,Somerset,180.33333333333334
3088,Yorkshire,158.0
3089,Kent,157.525
3090,Glamorgan,145.3548387096774
3093,Warwickshire,157.925
3094,Lancashire,154.05769230769232
3095,Essex,167.3409090909091
3099,Gloucestershire,154.63636363636363
3100,Leicestershire,156.27027027027026
3101,Somerset,180.33333333333334
3104,Essex,167.3409090909091
3107,Sussex,157.33333333333334
3110,Sussex,157.33333333333334
3113,Lancashire,154.05769230769232
3116,Durham,155.37142857142857
3122,Worcestershire,168.05882352941177
3123,Yorkshire,158.0
3124,Nottinghamshire,165.47058823529412
3127,Sussex,157.33333333333334
3129,Hampshire,161.79591836734693
3131,Durham,155.37142857142857
3137,Nottinghamshire,165.47058823529412
3139,Gloucestershire,154.63636363636363
3141,Essex,167.3409090909091
3156,Nottinghamshire,165.47058823529412
3160,Yorkshire,158.0
3161,Somerset,180.33333333333334
3162,Sussex,157.33333333333334
3163,Yorkshire,158.0
3166,Hampshire,161.79591836734693
3168,Nagenahira Nagas,77.0
3169,Basnahira Cricket Dundee,129.0
3171,Uva Next,101.0
3173,Ruhuna Royals,145.0
3174,Wayamba United,156.0
3176,Kandurata Warriors,155.0
3177,Wayamba United,156.0
3179,Kandurata Warriors,155.0
3182,Uthura Rudras,156.0
3191,Uva Next,101.0
3195,Trinidad & Tobago,141.2
3196,Afghanistan,145.5609756097561
3197,Trinidad & Tobago,141.2
3200,Australia,154.78787878787878
3205,England,157.76470588235293
3206,Sri Lanka,161.52941176470588
3207,Australia,154.78787878787878
3209,South Africa,159.5185185185185
3213,Australia,154.78787878787878
3220,Pakistan,153.42105263157896
3221,Australia,154.78787878787878
3222,England,157.76470588235293
3223,Sri Lanka,161.52941176470588
3224,Australia,154.78787878787878
3225,India,148.1818181818182
3227,Sri Lanka,161.52941176470588
3229,India,148.1818181818182
3230,Sri Lanka,161.52941176470588
3234,Auckland,164.25714285714287
3235,Auckland,164.25714285714287
3239,Titans,155.475
3242,Lions,154.02702702702703
3243,Auckland,164.25714285714287
3244,Sydney Sixers,157.54545454545453
3251,Lions,154.02702702702703
3252,Chennai Super Kings,167.34426229508196
3253,Delhi Daredevils,155.0
3254,Kolkata Knight Riders,146.57142857142858
3255,Chennai Super Kings,167.34426229508196
3260,Sydney Sixers,157.54545454545453
3263,Bahawalpur Stags,149.16666666666666
3265,Multan Tigers,132.125
3267,Lahore Eagles,165.07692307692307
3268,Lahore Lions,159.52631578947367
3269,Lahore Lions,159.52631578947367
3272,Bahawalpur Stags,149.16666666666666
3275,Bahawalpur Stags,149.16666666666666
3276,Lahore Eagles,165.07692307692307
3277,Abbottabad Falcons,139.45454545454547
3278,Faisalabad Wolves,149.58620689655172
3279,Lahore Lions,159.52631578947367
3282,Lahore Lions,159.52631578947367
3283,Abbottabad Falcons,139.45454545454547
3284,Faisalabad Wolves,149.58620689655172
3285,Karachi Zebras,159.11111111111111
3287,Abbottabad Falcons,139.45454545454547
3288,Multan Tigers,132.125
3289,Faisalabad Wolves,149.58620689655172
3290,Bahawalpur Stags,149.16666666666666
3291,Lahore Lions,159.52631578947367
3295,Bahawalpur Stags,149.16666666666666
3296,Faisalabad Wolves,149.58620689655172
3298,Islamabad Leopards,135.33333333333334
3299,Abbottabad Falcons,139.45454545454547
3304,Lahore Lions,159.52631578947367
3305,Lahore Lions,159.52631578947367
3307,Lahore Lions,159.52631578947367
3309,India,148.1818181818182
3311,South Africa,159.5185185185185
3313,South Africa,159.5185185185185
3315,India,148.1818181818182
3316,Melbourne Renegades,142.0
3317,Sydney Sixers,157.54545454545453
3323,Melbourne Stars,150.86666666666667
3326,Melbourne Renegades,142.0
3328,Melbourne Stars,150.86666666666667
3329,Melbourne Renegades,142.0
3330,Hobart Hurricanes,174.72727272727272
3331,Adelaide Strikers,163.11111111111111
3335,Perth Scorchers,155.52941176470588
3337,Hobart Hurricanes,174.72727272727272
3338,Melbourne Renegades,142.0
3339,Brisbane Heat,181.42857142857142
3340,Perth Scorchers,155.52941176470588
3344,Melbourne Stars,150.86666666666667
3349,Perth Scorchers,155.52941176470588
3352,Barbados,120.84615384615384
3354,Barbados,120.84615384615384
3356,Jamaica,117.36363636363636
3360,Jamaica,117.36363636363636
3364,Jamaica,117.36363636363636
3365,Trinidad & Tobago,141.2
3368,Guyana,139.57142857142858
3371,Guyana,139.57142857142858
3375,Wellington,166.35294117647058
3377,Northern Districts,159.875
3378,Northern Districts,159.875
3381,Auckland,164.25714285714287
3382,Otago,169.0
3383,Wellington,166.35294117647058
3387,Central Districts,165.9090909090909
3388,Otago,169.0
3389,Canterbury,161.9
3390,Northern Districts,159.875
3394,Otago,169.0
3396,Central Districts,165.9090909090909
3400,Wellington,166.35294117647058
3402,Auckland,164.25714285714287
3403,Otago,169.0
3404,Wellington,166.35294117647058
3405,Otago,169.0
3409,Mashonaland Eagles,158.2941176470588
3412,Southern Rocks,122.0
3413,Mashonaland Eagles,158.2941176470588
3415,Matabeleland Tuskers,139.0
3416,Mountaineers,158.85714285714286
3418,Mountaineers,158.85714285714286
3420,Mashonaland Eagles,158.2941176470588
3421,Mid West Rhinos,153.42857142857142
3422,Mashonaland Eagles,158.2941176470588
3429,Pakistan A,189.0
3432,New Zealand,152.5
3434,Dhaka Gladiators,172.66666666666666
3437,Dhaka Gladiators,172.66666666666666
3438,Barisal Burners,154.72727272727272
3441,Dhaka Gladiators,172.66666666666666
3445,Khulna Royal Bengals,168.8
3447,Khulna Royal Bengals,168.8
3450,Dhaka Gladiators,172.66666666666666
3452,Sylhet Royals,126.0
3453,Barisal Burners,154.72727272727272
3454,Dhaka Gladiators,172.66666666666666
3455,Chittagong Kings,159.1
3458,Duronto Rajshahi,149.4
3459,Barisal Burners,154.72727272727272
3460,Duronto Rajshahi,149.4
3461,Dhaka Gladiators,172.66666666666666
3462,Chittagong Kings,159.1
3464,Khulna Royal Bengals,168.8
3465,Chittagong Kings,159.1
3468,Dhaka Gladiators,172.66666666666666
3471,Barisal Burners,154.72727272727272
3472,Chittagong Kings,159.1
3474,Barisal Burners,154.72727272727272
3476,Dhaka Gladiators,172.66666666666666
3477,Chittagong Kings,159.1
3479,Chittagong Kings,159.1
3480,Dhaka Gladiators,172.66666666666666
3483,West Indies,135.42857142857142
3484,West Indies,135.42857142857142
3485,Afghanistan,145.5609756097561
3486,Afghanistan,145.5609756097561
3487,Canada,133.58333333333334
3490,Sri Lanka,161.52941176470588
3493,Lahore Lions,159.52631578947367
3495,Lahore Lions,159.52631578947367
3498,Faisalabad Wolves,149.58620689655172
3503,Faisalabad Wolves,149.58620689655172
3505,Faisalabad Wolves,149.58620689655172
3507,Himachal Pradesh,138.23076923076923
3511,Gujarat,153.84615384615384
3513,Odisha,146.5
3514,Haryana,138.15
3516,Baroda,148.71428571428572
3517,Rajasthan,152.45454545454547
3518,Delhi,145.93939393939394
3519,Services,109.0
3520,Andhra,130.69230769230768
3521,Assam,139.0
3523,Jharkhand,130.9
3524,Karnataka,134.33333333333334
3526,Gujarat,153.84615384615384
3529,Madhya Pradesh,142.5909090909091
3530,Delhi,145.93939393939394
3531,Punjab,131.8
3533,Assam,139.0
3534,Bengal,154.76
3535,Goa,154.9
3539,Railways,140.92307692307693
3541,Delhi,145.93939393939394
3542,Bengal,154.76
3545,Himachal Pradesh,138.23076923076923
3546,Punjab,131.8
3547,Andhra,130.69230769230768
3548,Assam,139.0
3549,Baroda,148.71428571428572
3552,Kerala,143.0
3553,Maharashtra,144.875
3554,Delhi,145.93939393939394
3555,Madhya Pradesh,142.5909090909091
3557,Haryana,138.15
3558,Hyderabad (India),164.33333333333334
3563,Uttar Pradesh,151.14285714285714
3565,Gujarat,153.84615384615384
3568,Gujarat,153.84615384615384
3569,Karnataka,134.33333333333334
3570,Bengal,154.76
3571,Delhi,145.93939393939394
3577,Kerala,143.0
3579,Kerala,143.0
3581,Gujarat,153.84615384615384
3582,Gujarat,153.84615384615384
3583,Punjab,131.8
3584,Baroda,148.71428571428572
3586,Gujarat,153.84615384615384
3592,Eastern Province,131.92307692307693
3593,Free State,150.9
3594,KwaZulu-Natal,137.2
3595,Northerns,129.5
3597,Border,135.7
3603,North West,168.88888888888889
3604,Free State,150.9
3605,Gauteng,129.22222222222223
3607,Free State,150.9
3608,Gauteng,129.22222222222223
3609,Griqualand West,138.44444444444446
3613,Namibia,158.0
3614,South Western Districts,133.6
3617,Border,135.7
3618,Eastern Province,131.92307692307693
3620,KwaZulu-Natal,137.2
3622,Free State,150.9
3623,Gauteng,129.22222222222223
3627,Griqualand West,138.44444444444446
3630,Western Province,151.5
3632,Border,135.7
3633,Easterns,148.33333333333334
3638,Lions,154.02702702702703
3639,Lions,154.02702702702703
3640,Cape Cobras,155.15384615384616
3643,Lions,154.02702702702703
3644,Cape Cobras,155.15384615384616
3645,Knights,154.9090909090909
3646,Titans,155.475
3648,Warriors,145.0857142857143
3650,Warriors,145.0857142857143
3652,Dolphins,157.17857142857142
3656,Dolphins,157.17857142857142
3658,Titans,155.475
3659,Knights,154.9090909090909
3660,Titans,155.475
3661,Warriors,145.0857142857143
3665,Lions,154.02702702702703
3667,Lions,154.02702702702703
3668,Kenya,146.0
3669,Kenya,146.0
3671,Kenya,146.0
3672,Namibia,158.0
3674,Namibia,158.0
3675,Netherlands,141.07692307692307
3676,Namibia,158.0
3679,Dhaka Metropolis,168.5
3680,Rajshahi Division,131.0
3682,Rajshahi Division,131.0
3683,Dhaka Metropolis,168.5
3684,Rajshahi Division,131.0
3685,Zimbabwe,161.0
3687,Kolkata Knight Riders,146.57142857142858
3688,Royal Challengers Bangalore,163.95744680851064
3689,Sunrisers Hyderabad,149.1764705882353
3693,Sunrisers Hyderabad,149.1764705882353
3694,Rajasthan Royals,156.4102564102564
3695,Royal Challengers Bangalore,163.95744680851064
3696,Mumbai Indians,166.9090909090909
3698,Royal Challengers Bangalore,163.95744680851064
3699,Pune Warriors,151.0
3701,Mumbai Indians,166.9090909090909
3702,Chennai Super Kings,167.34426229508196
3703,Kolkata Knight Riders,146.57142857142858
3704,Rajasthan Royals,156.4102564102564
3706,Kings XI Punjab,169.25
3707,Royal Challengers Bangalore,163.95744680851064
3709,Rajasthan Royals,156.4102564102564
3711,Sunrisers Hyderabad,149.1764705882353
3713,Royal Challengers Bangalore,163.95744680851064
3714,Delhi Daredevils,155.0
3715,Kings XI Punjab,169.25
3716,Chennai Super Kings,167.34426229508196
3717,Royal Challengers Bangalore,163.95744680851064
3720,Chennai Super Kings,167.34426229508196
3721,Kolkata Knight Riders,146.57142857142858
3722,Rajasthan Royals,156.4102564102564
3723,Mumbai Indians,166.9090909090909
3724,Chennai Super Kings,167.34426229508196
3725,Delhi Daredevils,155.0
3726,Rajasthan Royals,156.4102564102564
3727,Mumbai Indians,166.9090909090909
3729,Sunrisers Hyderabad,149.1764705882353
3730,Delhi Daredevils,155.0
3731,Chennai Super Kings,167.34426229508196
3733,Kolkata Knight Riders,146.57142857142858
3734,Sunrisers Hyderabad,149.1764705882353
3735,Mumbai Indians,166.9090909090909
3736,Rajasthan Royals,156.4102564102564
3737,Kings XI Punjab,169.25
3738,Rajasthan Royals,156.4102564102564
3739,Mumbai Indians,166.9090909090909
3746,Kolkata Knight Riders,146.57142857142858
3747,Rajasthan Royals,156.4102564102564
3748,Mumbai Indians,166.9090909090909
3750,Chennai Super Kings,167.34426229508196
3752,Mumbai Indians,166.9090909090909
3753,Kings XI Punjab,169.25
3754,Sunrisers Hyderabad,149.1764705882353
3755,Kings XI Punjab,169.25
3756,Royal Challengers Bangalore,163.95744680851064
3757,Pune Warriors,151.0
3758,Sunrisers Hyderabad,149.1764705882353
3759,Chennai Super Kings,167.34426229508196
3760,Rajasthan Royals,156.4102564102564
3761,Mumbai Indians,166.9090909090909
3764,West Indies A,122.6
3767,Scotland,140.6
3768,Scotland,140.6
3770,Pakistan International Airlines,139.75
3772,Habib Bank Limited,139.4
3773,State Bank of Pakistan,129.33333333333334
3776,State Bank of Pakistan,129.33333333333334
3777,Habib Bank Limited,139.4
3782,Khan Research Labs,131.66666666666666
3786,Khan Research Labs,131.66666666666666
3787,Khan Research Labs,131.66666666666666
3789,Pakistan International Airlines,139.75
3790,Habib Bank Limited,139.4
3791,Habib Bank Limited,139.4
3796,Sri Lanka,161.52941176470588
3799,Hampshire,161.79591836734693
3803,Nottinghamshire,165.47058823529412
3804,Northamptonshire,163.0810810810811
3809,Gloucestershire,154.63636363636363
3814,Derbyshire,146.57142857142858
3815,Glamorgan,145.3548387096774
3816,Surrey,155.7906976744186
3817,Middlesex,150.66666666666666
3818,Leicestershire,156.27027027027026
3819,Somerset,180.33333333333334
3821,Northamptonshire,163.0810810810811
3822,Surrey,155.7906976744186
3828,Lancashire,154.05769230769232
3829,Middlesex,150.66666666666666
3830,Somerset,180.33333333333334
3831,Worcestershire,168.05882352941177
3832,Essex,167.3409090909091
3833,Yorkshire,158.0
3834,Durham,155.37142857142857
3835,Leicestershire,156.27027027027026
3837,Glamorgan,145.3548387096774
3838,Lancashire,154.05769230769232
3840,Hampshire,161.79591836734693
3841,Lancashire,154.05769230769232
3843,Essex,167.3409090909091
3846,Northamptonshire,163.0810810810811
3851,Northamptonshire,163.0810810810811
3852,Somerset,180.33333333333334
3855,Warwickshire,157.925
3857,Gloucestershire,154.63636363636363
3859,Somerset,180.33333333333334
3864,Glamorgan,145.3548387096774
3866,Lancashire,154.05769230769232
3867,Kent,157.525
3868,Warwickshire,157.925
3869,Durham,155.37142857142857
3872,Nottinghamshire,165.47058823529412
3874,Surrey,155.7906976744186
3876,Hampshire,161.79591836734693
3877,Warwickshire,157.925
3878,Worcestershire,168.05882352941177
3879,Durham,155.37142857142857
3880,Leicestershire,156.27027027027026
3881,Nottinghamshire,165.47058823529412
3887,Hampshire,161.79591836734693
3889,Surrey,155.7906976744186
3890,Northamptonshire,163.0810810810811
3891,Hampshire,161.79591836734693
3893,Northamptonshire,163.0810810810811
3895,Northamptonshire,163.0810810810811
3896,Basnahira Greens,139.0
3897,Kandurata Maroons,132.0
3898,Kandurata Maroons,132.0
3901,Uthura Yellows,158.0
3902,Kandurata Maroons,132.0
3903,Barbados Tridents,147.6153846153846
3904,Guyana Amazon Warriors,136.06666666666666
3905,Barbados Tridents,147.6153846153846
3906,Guyana Amazon Warriors,136.06666666666666
3907,Barbados Tridents,147.6153846153846
3913,Trinidad & Tobago Red Steel,153.8181818181818
3916,Trinidad & Tobago Red Steel,153.8181818181818
3917,Antigua Hawksbills,106.0
3921,Jamaica Tallawahs,151.8125
3923,Jamaica Tallawahs,151.8125
3924,Guyana Amazon Warriors,136.06666666666666
3925,Jamaica Tallawahs,151.8125
3926,Jamaica Tallawahs,151.8125
3930,England,157.76470588235293
3931,India A,214.0
3936,Faisalabad Wolves,149.58620689655172
3937,Otago,169.0
3938,Rajasthan Royals,156.4102564102564
3940,Chennai Super Kings,167.34426229508196
3945,Otago,169.0
3947,Chennai Super Kings,167.34426229508196
3949,Titans,155.475
3952,Rajasthan Royals,156.4102564102564
3955,Rajasthan Royals,156.4102564102564
3956,Mumbai Indians,166.9090909090909
3958,Rajasthan Royals,156.4102564102564
3960,Mumbai Indians,166.9090909090909
3961,India,148.1818181818182
3962,Afghanistan,145.5609756097561
3964,Sri Lanka A,140.375
3965,Sri Lanka A,140.375
3966,Sri Lanka A,140.375
3967,Sri Lanka A,140.375
3969,Sri Lanka A,140.375
3975,Sri Lanka,161.52941176470588
3976,South Africa,159.5185185185185
3978,Ireland,128.28
3979,United Arab Emirates,139.08333333333334
3981,Bermuda,149.5
3983,Hong Kong,129.66666666666666
3986,United Arab Emirates,139.08333333333334
3987,Bermuda,149.5
3989,Hong Kong,129.66666666666666
3990,Italy,130.2
3993,Afghanistan,145.5609756097561
3994,Namibia,158.0
3997,Afghanistan,145.5609756097561
4004,United Arab Emirates,139.08333333333334
4005,Canada,133.58333333333334
4006,Kenya,146.0
4007,Nepal,132.0
4008,Ireland,128.28
4009,Afghanistan,145.5609756097561
4010,Hong Kong,129.66666666666666
4011,Netherlands,141.07692307692307
4013,Scotland,140.6
4014,Afghanistan,145.5609756097561
4017,United Arab Emirates,139.08333333333334
4020,Ireland,128.28
4021,Hong Kong,129.66666666666666
4022,Afghanistan,145.5609756097561
4027,Canada,133.58333333333334
4028,Namibia,158.0
4031,United Arab Emirates,139.08333333333334
4033,Afghanistan,145.5609756097561
4040,United Arab Emirates,139.08333333333334
4041,Italy,130.2
4042,Hong Kong,129.66666666666666
4043,Netherlands,141.07692307692307
4046,Afghanistan,145.5609756097561
4051,State Bank of Pakistan,129.33333333333334
4052,Habib Bank Limited,139.4
4055,Khan Research Laboratories,131.66666666666666
4058,Pakistan Television,143.0
4062,Khan Research Laboratories,131.66666666666666
4064,Pakistan International Airlines,139.75
4065,Khan Research Laboratories,131.66666666666666
4066,Sui Northern Gas Pipelines Limited,66.0
4067,Pakistan International Airlines,139.75
4070,National Bank of Pakistan,81.0
4073,Port Qasim Authority,190.0
4079,Pakistan,153.42105263157896
4085,Mohammedan Sporting Club,130.0
4086,Abahani Limited,172.0
4087,Prime Bank Cricket Club,149.0
4089,Mohammedan Sporting Club,130.0
4096,Prime Bank Cricket Club,149.0
4097,New Zealand,152.5
4098,New Zealand,152.5
4104,Northern Districts,159.875
4106,Wellington,166.35294117647058
4109,Auckland,164.25714285714287
4110,Otago,169.0
4117,Auckland,164.25714285714287
4119,Canterbury,161.9
4123,Otago,169.0
4124,Canterbury,161.9
4125,Northern Districts,159.875
4126,Canterbury,161.9
4128,Auckland,164.25714285714287
4131,Australia,154.78787878787878
4132,Australia,154.78787878787878
4133,Australia,154.78787878787878
4134,Melbourne Stars,150.86666666666667
4135,Sydney Sixers,157.54545454545453
4137,Brisbane Heat,181.42857142857142
4138,Perth Scorchers,155.52941176470588
4142,Melbourne Renegades,142.0
4143,Adelaide Strikers,163.11111111111111
4147,Perth Scorchers,155.52941176470588
4150,Perth Scorchers,155.52941176470588
4152,Melbourne Stars,150.86666666666667
4154,Hobart Hurricanes,174.72727272727272
4157,Sydney Sixers,157.54545454545453
4158,Perth Scorchers,155.52941176470588
4161,Melbourne Stars,150.86666666666667
4163,Hobart Hurricanes,174.72727272727272
4165,Melbourne Stars,150.86666666666667
4168,Perth Scorchers,155.52941176470588
4169,Dolphins,157.17857142857142
4171,Cape Cobras,155.15384615384616
4172,Warriors,145.0857142857143
4173,Titans,155.475
4176,Knights,154.9090909090909
4177,Cape Cobras,155.15384615384616
4178,Titans,155.475
4185,Cape Cobras,155.15384615384616
4186,Dolphins,157.17857142857142
4187,Knights,154.9090909090909
4192,Titans,155.475
4194,Dolphins,157.17857142857142
4196,Cape Cobras,155.15384615384616
4198,Lions,154.02702702702703
4200,Dolphins,157.17857142857142
4225,Islamabad Leopards,135.33333333333334
4227,Islamabad Leopards,135.33333333333334
4236,Abbottabad Falcons,139.45454545454547
4239,Multan Tigers,132.125
4240,Faisalabad Wolves,149.58620689655172
4242,Abbottabad Falcons,139.45454545454547
4243,Karachi Zebras,159.11111111111111
4244,Islamabad Leopards,135.33333333333334
4245,Lahore Lions,159.52631578947367
4246,Faisalabad Wolves,149.58620689655172
4247,Abbottabad Falcons,139.45454545454547
4252,West Indies,135.42857142857142
4253,West Indies,135.42857142857142
4254,West Indies,135.42857142857142
4259,Western Province,151.5
4260,Border,135.7
4262,KwaZulu-Natal Inland,137.25
4263,Western Province,151.5
4267,Boland,146.57142857142858
4268,Border,135.7
4269,Eastern Province,131.92307692307693
4270,Northerns,129.5
4271,Western Province,151.5
4272,Gauteng,129.22222222222223
4273,Griqualand West,138.44444444444446
4281,KwaZulu-Natal,137.2
4284,Boland,146.57142857142858
4285,KwaZulu-Natal Inland,137.25
4287,Griqualand West,138.44444444444446
4288,South Western Districts,133.6
4290,Gauteng,129.22222222222223
4291,KwaZulu-Natal Inland,137.25
4292,South Western Districts,133.6
4293,North West,168.88888888888889
4294,KwaZulu-Natal,137.2
4296,Border,135.7
4298,Free State,150.9
4300,North West,168.88888888888889
4302,Bangladesh,145.13333333333333
4304,Ireland,128.28
4305,Netherlands,141.07692307692307
4306,Afghanistan,145.5609756097561
4307,Bangladesh,145.13333333333333
4309,Ireland,128.28
4314,India,148.1818181818182
4318,India,148.1818181818182
4323,England,157.76470588235293
4334,Sri Lanka,161.52941176470588
4335,India,148.1818181818182
4337,Gujarat,153.84615384615384
4338,Baroda,148.71428571428572
4339,Uttar Pradesh,151.14285714285714
4342,Maharashtra,144.875
4344,Delhi,145.93939393939394
4348,Hyderabad (India),164.33333333333334
4349,Odisha,146.5
4350,Madhya Pradesh,142.5909090909091
4351,Haryana,138.15
4352,Goa,154.9
4354,Delhi,145.93939393939394
4355,Haryana,138.15
4357,Assam,139.0
4358,Goa,154.9
4359,Jharkhand,130.9
4360,Mumbai,154.0
4361,Railways,140.92307692307693
4363,Hyderabad (India),164.33333333333334
4364,Baroda,148.71428571428572
4365,Haryana,138.15
4366,Himachal Pradesh,138.23076923076923
4368,Assam,139.0
4369,Baroda,148.71428571428572
4370,Bengal,154.76
4372,Delhi,145.93939393939394
4374,Maharashtra,144.875
4375,Rajasthan,152.45454545454547
4376,Delhi,145.93939393939394
4377,Himachal Pradesh,138.23076923076923
4378,Andhra,130.69230769230768
4379,Baroda,148.71428571428572
4380,Bengal,154.76
4382,Kerala,143.0
4383,Madhya Pradesh,142.5909090909091
4384,Punjab,131.8
4385,Goa,154.9
4386,Gujarat,153.84615384615384
4387,Rajasthan,152.45454545454547
4388,Delhi,145.93939393939394
4389,Haryana,138.15
4392,Bengal,154.76
4393,Goa,154.9
4395,Punjab,131.8
4396,Karnataka,134.33333333333334
4397,Baroda,148.71428571428572
4399,Goa,154.9
4400,Gujarat,153.84615384615384
4403,Baroda,148.71428571428572
4409,Baroda,148.71428571428572
4411,Gujarat,153.84615384615384
4412,Goa,154.9
4414,Delhi,145.93939393939394
4416,Goa,154.9
4417,Baroda,148.71428571428572
4423,Royal Challengers Bangalore,163.95744680851064
4426,Chennai Super Kings,167.34426229508196
4427,Kings XI Punjab,169.25
4430,Sunrisers Hyderabad,149.1764705882353
4431,Chennai Super Kings,167.34426229508196
4432,Rajasthan Royals,156.4102564102564
4434,Delhi Daredevils,155.0
4436,Kings XI Punjab,169.25
4439,Chennai Super Kings,167.34426229508196
4440,Mumbai Indians,166.9090909090909
4442,Royal Challengers Bangalore,163.95744680851064
4443,Rajasthan Royals,156.4102564102564
4445,Mumbai Indians,166.9090909090909
4447,Kings XI Punjab,169.25
4455,Chennai Super Kings,167.34426229508196
4456,Royal Challengers Bangalore,163.95744680851064
4458,Kolkata Knight Riders,146.57142857142858
4459,Rajasthan Royals,156.4102564102564
4464,Sunrisers Hyderabad,149.1764705882353
4465,Kolkata Knight Riders,146.57142857142858
4467,Kolkata Knight Riders,146.57142857142858
4469,Mumbai Indians,166.9090909090909
4470,Kings XI Punjab,169.25
4472,Kolkata Knight Riders,146.57142857142858
4473,Kings XI Punjab,169.25
4474,Mumbai Indians,166.9090909090909
4476,Chennai Super Kings,167.34426229508196
4478,Kolkata Knight Riders,146.57142857142858
4479,Western Troopers,165.0
4480,Udarata Rulers,159.0
4481,Udarata Rulers,159.0
4488,West Indies,135.42857142857142
4489,Baluchistan,217.0
4491,Khyber Pakhtunkhwa,146.0
4495,Guyana Amazon Warriors,136.06666666666666
4496,Trinidad & Tobago Red Steel,153.8181818181818
4499,Guyana Amazon Warriors,136.06666666666666
4501,Guyana Amazon Warriors,136.06666666666666
4504,Barbados Tridents,147.6153846153846
4505,Trinidad & Tobago Red Steel,153.8181818181818
4506,Barbados Tridents,147.6153846153846
4507,Trinidad & Tobago Red Steel,153.8181818181818
4509,Trinidad & Tobago Red Steel,153.8181818181818
4510,Jamaica Tallawahs,151.8125
4512,Jamaica Tallawahs,151.8125
4514,Jamaica Tallawahs,151.8125
4515,St Lucia Zouks,146.83333333333334
4516,Guyana Amazon Warriors,136.06666666666666
4519,Antigua Hawksbills,106.0
4520,Guyana Amazon Warriors,136.06666666666666
4521,Barbados Tridents,147.6153846153846
4522,Jamaica Tallawahs,151.8125
4524,Barbados Tridents,147.6153846153846
4525,Durham,155.37142857142857
4527,Leicestershire,156.27027027027026
4529,Nottinghamshire,165.47058823529412
4531,Sussex,157.33333333333334
4534,Lancashire,154.05769230769232
4536,Gloucestershire,154.63636363636363
4539,Northamptonshire,163.0810810810811
4542,Essex,167.3409090909091
4547,Worcestershire,168.05882352941177
4548,Yorkshire,158.0
4550,Glamorgan,145.3548387096774
4551,Lancashire,154.05769230769232
4552,Surrey,155.7906976744186
4553,Hampshire,161.79591836734693
4554,Kent,157.525
4556,Hampshire,161.79591836734693
4561,Warwickshire,157.925
4563,Kent,157.525
4565,Worcestershire,168.05882352941177
4568,Somerset,180.33333333333334
4571,Lancashire,154.05769230769232
4573,Surrey,155.7906976744186
4575,Essex,167.3409090909091
4577,Middlesex,150.66666666666666
4578,Warwickshire,157.925
4581,Worcestershire,168.05882352941177
4582,Nottinghamshire,165.47058823529412
4583,Lancashire,154.05769230769232
4585,Essex,167.3409090909091
4586,Hampshire,161.79591836734693
4590,Gloucestershire,154.63636363636363
4595,Surrey,155.7906976744186
4596,Derbyshire,146.57142857142858
4597,Sussex,157.33333333333334
4598,Nottinghamshire,165.47058823529412
4599,Durham,155.37142857142857
4600,Yorkshire,158.0
4602,Surrey,155.7906976744186
4604,Northamptonshire,163.0810810810811
4606,Gloucestershire,154.63636363636363
4611,Essex,167.3409090909091
4619,Somerset,180.33333333333334
4620,Northamptonshire,163.0810810810811
4622,Warwickshire,157.925
4625,Essex,167.3409090909091
4627,Sussex,157.33333333333334
4628,Surrey,155.7906976744186
4630,Leicestershire,156.27027027027026
4633,Lancashire,154.05769230769232
4635,Hampshire,161.79591836734693
4636,Kent,157.525
4637,Gloucestershire,154.63636363636363
4638,Nottinghamshire,165.47058823529412
4642,Lancashire,154.05769230769232
4643,Durham,155.37142857142857
4644,Glamorgan,145.3548387096774
4645,Kent,157.525
4646,Somerset,180.33333333333334
4647,Warwickshire,157.925
4648,Worcestershire,168.05882352941177
4651,Lancashire,154.05769230769232
4652,Surrey,155.7906976744186
4657,Warwickshire,157.925
4659,England,157.76470588235293
4660,Hyderabad Hawks,160.28571428571428
4663,Karachi Zebras,159.11111111111111
4665,FATA Cheetas,140.0
4670,Sialkot Stallions,169.0
4673,Hyderabad Hawks,160.28571428571428
4674,Multan Tigers,132.125
4677,Abbottabad Falcons,139.45454545454547
4678,Lahore Lions,159.52631578947367
4684,Abbottabad Falcons,139.45454545454547
4685,Faisalabad Wolves,149.58620689655172
4686,Bahawalpur Stags,149.16666666666666
4688,Islamabad Leopards,135.33333333333334
4691,Faisalabad Wolves,149.58620689655172
4693,Lahore Lions,159.52631578947367
4695,Northern Districts,159.875
4696,Lahore Lions,159.52631578947367
4698,Mumbai Indians,166.9090909090909
4699,Lahore Lions,159.52631578947367
4707,Kolkata Knight Riders,146.57142857142858
4708,Chennai Super Kings,167.34426229508196
4709,Hobart Hurricanes,174.72727272727272
4710,Kolkata Knight Riders,146.57142857142858
4713,Kings XI Punjab,169.25
4715,Chennai Super Kings,167.34426229508196
4720,Barbados Tridents,147.6153846153846
4721,Kolkata Knight Riders,146.57142857142858
4723,Chennai Super Kings,167.34426229508196
4724,Australia,154.78787878787878
4727,Australia,154.78787878787878
4728,Australia,154.78787878787878
4733,Hong Kong,129.66666666666666
4735,New Zealand,152.5
4736,Northern Districts,159.875
4738,Northern Districts,159.875
4739,Canterbury,161.9
4741,Canterbury,161.9
4742,Auckland,164.25714285714287
4743,Northern Districts,159.875
4744,Wellington,166.35294117647058
4755,Wellington,166.35294117647058
4756,Central Districts,165.9090909090909
4757,Wellington,166.35294117647058
4758,Otago,169.0
4760,Central Districts,165.9090909090909
4761,Auckland,164.25714285714287
4765,Northern Districts,159.875
4767,Auckland,164.25714285714287
4769,Knights,154.9090909090909
4770,Cape Cobras,155.15384615384616
4771,Lions,154.02702702702703
4772,Dolphins,157.17857142857142
4773,Cape Cobras,155.15384615384616
4776,Lions,154.02702702702703
4777,Dolphins,157.17857142857142
4779,Knights,154.9090909090909
4780,Lions,154.02702702702703
4781,Warriors,145.0857142857143
4783,Lions,154.02702702702703
4786,Titans,155.475
4787,Warriors,145.0857142857143
4789,Cape Cobras,155.15384615384616
4790,Titans,155.475
4791,Knights,154.9090909090909
4792,Lions,154.02702702702703
4794,Dolphins,157.17857142857142
4796,Warriors,145.0857142857143
4797,Cape Cobras,155.15384615384616
4800,Cape Cobras,155.15384615384616
4803,South Africa,159.5185185185185
4804,Adelaide Strikers,163.11111111111111
4805,Sydney Sixers,157.54545454545453
4807,Sydney Thunder,160.75
4810,Perth Scorchers,155.52941176470588
4812,Brisbane Heat,181.42857142857142
4814,Melbourne Renegades,142.0
4815,Adelaide Strikers,163.11111111111111
4817,Hobart Hurricanes,174.72727272727272
4820,Melbourne Stars,150.86666666666667
4823,Perth Scorchers,155.52941176470588
4825,Melbourne Stars,150.86666666666667
4829,Melbourne Renegades,142.0
4831,Brisbane Heat,181.42857142857142
4834,Melbourne Stars,150.86666666666667
4835,Sydney Sixers,157.54545454545453
4837,Perth Scorchers,155.52941176470588
4838,Perth Scorchers,155.52941176470588
4839,Griqualand West,138.44444444444446
4840,Eastern Province,131.92307692307693
4841,Namibia,158.0
4842,Griqualand West,138.44444444444446
4844,Namibia,158.0
4845,Boland,146.57142857142858
4847,KwaZulu-Natal,137.2
4849,Gauteng,129.22222222222223
4850,KwaZulu-Natal Inland,137.25
4851,North West,168.88888888888889
4853,Gauteng,129.22222222222223
4855,Western Province,151.5
4857,Border,135.7
4859,Griqualand West,138.44444444444446
4860,Easterns,148.33333333333334
4861,KwaZulu-Natal,137.2
4863,Northerns,129.5
4865,Northerns,129.5
4866,Western Province,151.5
4867,Uttar Pradesh,151.14285714285714
4868,Delhi,145.93939393939394
4869,Himachal Pradesh,138.23076923076923
4873,Gujarat,153.84615384615384
4874,Assam,139.0
4877,Rajasthan,152.45454545454547
4878,Delhi,145.93939393939394
4880,Andhra,130.69230769230768
4881,Madhya Pradesh,142.5909090909091
4884,Odisha,146.5
4890,Punjab,131.8
4894,Jharkhand,130.9
4896,Andhra,130.69230769230768
4898,Karnataka,134.33333333333334
4901,Punjab,131.8
4903,Madhya Pradesh,142.5909090909091
4906,Himachal Pradesh,138.23076923076923
4907,Baroda,148.71428571428572
4909,Hyderabad (India),164.33333333333334
4912,Delhi,145.93939393939394
4913,Haryana,138.15
4914,Andhra,130.69230769230768
4915,Gujarat,153.84615384615384
4916,Madhya Pradesh,142.5909090909091
4917,Bengal,154.76
4920,Andhra,130.69230769230768
4922,Karnataka,134.33333333333334
4923,Rajasthan,152.45454545454547
4925,Railways,140.92307692307693
4926,Bengal,154.76
4927,Andhra,130.69230769230768
4929,Gujarat,153.84615384615384
4933,Gujarat,153.84615384615384
4938,Odisha,146.5
4939,Gujarat,153.84615384615384
4940,Mumbai,154.0
4941,Andhra,130.69230769230768
4942,Hyderabad (India),164.33333333333334
4943,Himachal Pradesh,138.23076923076923
4944,Punjab,131.8
4947,Gujarat,153.84615384615384
4948,Colts Cricket Club,157.55555555555554
4956,Saracens Sports Club,142.5
4957,Colts Cricket Club,157.55555555555554
4958,Sinhalese Sports Club,158.25
4960,Badureliya Sports Club,155.0
4961,Colts Cricket Club,157.55555555555554
4962,Sinhalese Sports Club,158.25
4964,Sri Lanka Ports Authority Cricket Club,117.0
4969,Saracens Sports Club,142.5
4970,Sri Lanka Air Force Sports Club,143.0
4971,Tamil Union Cricket and Athletic Club,155.625
4972,Bloomfield Cricket and Athletic Club,124.16666666666667
4975,Colombo Cricket Club,161.75
4976,Nondescripts Cricket Club,159.55555555555554
4978,Bloomfield Cricket and Athletic Club,124.16666666666667
4980,Tamil Union Cricket and Athletic Club,155.625
4984,Chilaw Marians Cricket Club,155.75
4985,Colombo Cricket Club,161.75
4986,Ragama Cricket Club,150.625
4987,Badureliya Sports Club,155.0
4988,Sri Lanka Air Force Sports Club,143.0
4990,Badureliya Sports Club,155.0
4992,Badureliya Sports Club,155.0
4993,Bangladesh,145.13333333333333
4996,Faisalabad Wolves,149.58620689655172
4999,Rawalpindi Rams,163.66666666666666
5002,Peshawar Panthers,146.0
5004,Lahore Lions,159.52631578947367
5006,Sialkot Stallions,169.0
5007,Lahore Lions,159.52631578947367
5009,Kolkata Knight Riders,146.57142857142858
5010,Chennai Super Kings,167.34426229508196
5012,Chennai Super Kings,167.34426229508196
5017,Rajasthan Royals,156.4102564102564
5023,Rajasthan Royals,156.4102564102564
5027,Sunrisers Hyderabad,149.1764705882353
5029,Delhi Daredevils,155.0
5031,Mumbai Indians,166.9090909090909
5032,Chennai Super Kings,167.34426229508196
5036,Chennai Super Kings,167.34426229508196
5038,Kolkata Knight Riders,146.57142857142858
5039,Delhi Daredevils,155.0
5040,Mumbai Indians,166.9090909090909
5041,Royal Challengers Bangalore,163.95744680851064
5042,Sunrisers Hyderabad,149.1764705882353
5044,Rajasthan Royals,156.4102564102564
5045,Chennai Super Kings,167.34426229508196
5046,Kolkata Knight Riders,146.57142857142858
5047,Mumbai Indians,166.9090909090909
5048,Royal Challengers Bangalore,163.95744680851064
5050,Kolkata Knight Riders,146.57142857142858
5052,Kolkata Knight Riders,146.57142857142858
5055,Chennai Super Kings,167.34426229508196
5056,Sunrisers Hyderabad,149.1764705882353
5057,Delhi Daredevils,155.0
5058,Kings XI Punjab,169.25
5059,Mumbai Indians,166.9090909090909
5062,Rajasthan Royals,156.4102564102564
5066,Royal Challengers Bangalore,163.95744680851064
5067,Chennai Super Kings,167.34426229508196
5068,Mumbai Indians,166.9090909090909
5069,Pakistan,153.42105263157896
5070,Pakistan,153.42105263157896
5075,England,157.76470588235293
5076,Netherlands,141.07692307692307
5077,Netherlands,141.07692307692307
5078,Netherlands,141.07692307692307
5083,Zimbabwe,161.0
5084,Barbados Tridents,147.6153846153846
5086,Barbados Tridents,147.6153846153846
5087,St Lucia Zouks,146.83333333333334
5088,Barbados Tridents,147.6153846153846
5089,St Lucia Zouks,146.83333333333334
5092,Jamaica Tallawahs,151.8125
5094,Guyana Amazon Warriors,136.06666666666666
5096,St Kitts and Nevis Patriots,178.2
5097,Trinidad & Tobago Red Steel,153.8181818181818
5098,St Kitts and Nevis Patriots,178.2
5099,Jamaica Tallawahs,151.8125
5101,Jamaica Tallawahs,151.8125
5102,St Kitts and Nevis Patriots,178.2
5108,Trinidad & Tobago Red Steel,153.8181818181818
5109,Guyana Amazon Warriors,136.06666666666666
5110,Trinidad & Tobago Red Steel,153.8181818181818
5112,Trinidad & Tobago Red Steel,153.8181818181818
5113,Guyana Amazon Warriors,136.06666666666666
5114,Trinidad & Tobago Red Steel,153.8181818181818
5117,Scotland,140.6
5118,Afghanistan,145.5609756097561
5119,Ireland,128.28
5121,Nepal,132.0
5122,Afghanistan,145.5609756097561
5125,Kenya,146.0
5127,Ireland,128.28
5129,Netherlands,141.07692307692307
5132,Namibia,158.0
5134,Ireland,128.28
5138,Scotland,140.6
5142,Hong Kong,129.66666666666666
5143,Kenya,146.0
5144,Scotland,140.6
5150,Jersey,107.0
5151,Scotland,140.6
5153,Namibia,158.0
5156,Ireland,128.28
5158,Hong Kong,129.66666666666666
5161,Afghanistan,145.5609756097561
5163,Afghanistan,145.5609756097561
5171,South Africa,159.5185185185185
5173,Durham,155.37142857142857
5174,Gloucestershire,154.63636363636363
5175,Lancashire,154.05769230769232
5176,Nottinghamshire,165.47058823529412
5178,Hampshire,161.79591836734693
5179,Kent,157.525
5180,Yorkshire,158.0
5182,Sussex,157.33333333333334
5183,Leicestershire,156.27027027027026
5188,Warwickshire,157.925
5190,Gloucestershire,154.63636363636363
5191,Leicestershire,156.27027027027026
5192,Middlesex,150.66666666666666
5193,Kent,157.525
5194,Worcestershire,168.05882352941177
5197,Derbyshire,146.57142857142858
5198,Durham,155.37142857142857
5201,Nottinghamshire,165.47058823529412
5203,Hampshire,161.79591836734693
5205,Somerset,180.33333333333334
5206,Glamorgan,145.3548387096774
5214,Northamptonshire,163.0810810810811
5215,Essex,167.3409090909091
5219,Lancashire,154.05769230769232
5220,Warwickshire,157.925
5224,Glamorgan,145.3548387096774
5229,Kent,157.525
5231,Derbyshire,146.57142857142858
5233,Worcestershire,168.05882352941177
5234,Northamptonshire,163.0810810810811
5237,Essex,167.3409090909091
5239,Yorkshire,158.0
5241,Warwickshire,157.925
5249,Derbyshire,146.57142857142858
5250,Essex,167.3409090909091
5251,Nottinghamshire,165.47058823529412
5253,Surrey,155.7906976744186
5255,Durham,155.37142857142857
5257,Lancashire,154.05769230769232
5259,Surrey,155.7906976744186
5260,Warwickshire,157.925
5265,Worcestershire,168.05882352941177
5267,Middlesex,150.66666666666666
5269,Nottinghamshire,165.47058823529412
5270,Hampshire,161.79591836734693
5271,Kent,157.525
5272,Sussex,157.33333333333334
5273,Yorkshire,158.0
5274,Derbyshire,146.57142857142858
5276,Northamptonshire,163.0810810810811
5277,Gloucestershire,154.63636363636363
5281,Northamptonshire,163.0810810810811
5282,Surrey,155.7906976744186
5286,Essex,167.3409090909091
5288,Warwickshire,157.925
5289,Middlesex,150.66666666666666
5290,Hampshire,161.79591836734693
5298,Yorkshire,158.0
5300,Warwickshire,157.925
5303,Northamptonshire,163.0810810810811
5306,England,157.76470588235293
5307,Larkana Region,142.0
5310,Bahawalpur Region,154.6
5311,Lahore Region Blues,125.5
5312,Azad Jammu & Kashmir Region,123.0
5314,Bahawalpur Region,154.6
5318,Lahore Region Blues,125.5
5319,Bahawalpur Region,154.6
5320,Karachi Region Blues,185.0
5321,Hyderabad Region,175.0
5324,Lahore Region Whites,169.0
5326,Sialkot Region,163.0
5327,Abbottabad Region,182.66666666666666
5328,Bahawalpur Region,154.6
5330,Multan Region,147.5
5332,Bahawalpur Region,154.6
5333,Multan Region,147.5
5341,Karachi Region Blues,185.0
5343,Abbottabad Region,182.66666666666666
5346,Abbottabad Region,182.66666666666666
5350,Hyderabad Region,175.0
5351,Karachi Region Blues,185.0
5352,Peshawar Region,170.0
5356,Easterns,148.33333333333334
5359,Northerns,129.5
5365,Boland,146.57142857142858
5367,North West,168.88888888888889
5368,Eastern Province,131.92307692307693
5370,Northern Cape,162.33333333333334
5371,KwaZulu-Natal,137.2
5372,Eastern Province,131.92307692307693
5374,Free State,150.9
5376,Free State,150.9
5377,Gauteng,129.22222222222223
5378,Kenya,146.0
5379,Free State,150.9
5380,Northerns,129.5
5382,Northerns,129.5
5388,Sri Lanka,161.52941176470588
5390,Bangladesh,145.13333333333333
5392,United Arab Emirates,139.08333333333334
5395,Hong Kong,129.66666666666666
5397,Afghanistan,145.5609756097561
5398,Afghanistan,145.5609756097561
5399,England,157.76470588235293
5400,England,157.76470588235293
5401,England,157.76470588235293
5402,Warriors,145.0857142857143
5405,Dolphins,157.17857142857142
5406,Cape Cobras,155.15384615384616
5409,Dolphins,157.17857142857142
5410,Titans,155.475
5413,Warriors,145.0857142857143
5414,Cape Cobras,155.15384615384616
5416,Titans,155.475
5420,Cape Cobras,155.15384615384616
5421,Lions,154.02702702702703
5426,Warriors,145.0857142857143
5427,Dolphins,157.17857142857142
5429,Titans,155.475
5430,Lions,154.02702702702703
5432,Dolphins,157.17857142857142
5433,Titans,155.475
5436,Central Districts,165.9090909090909
5438,Central Districts,165.9090909090909
5440,Northern Districts,159.875
5441,Otago,169.0
5442,Auckland,164.25714285714287
5443,Northern Districts,159.875
5444,Otago,169.0
5445,Auckland,164.25714285714287
5449,Auckland,164.25714285714287
5452,Canterbury,161.9
5453,Northern Districts,159.875
5456,Central Districts,165.9090909090909
5459,Central Districts,165.9090909090909
5462,Canterbury,161.9
5467,Rangpur Riders,137.88888888888889
5468,Dhaka Dynamites,138.8
5471,Comilla Victorians,138.85714285714286
5473,Rangpur Riders,137.88888888888889
5474,Comilla Victorians,138.85714285714286
5477,Comilla Victorians,138.85714285714286
5479,Barisal Bulls,157.75
5481,Rangpur Riders,137.88888888888889
5482,Barisal Bulls,157.75
5483,Comilla Victorians,138.85714285714286
5486,Comilla Victorians,138.85714285714286
5487,Sylhet Super Stars,112.0
5488,Rangpur Riders,137.88888888888889
5489,Comilla Victorians,138.85714285714286
5493,Sylhet Super Stars,112.0
5494,Barisal Bulls,157.75
5495,Comilla Victorians,138.85714285714286
5496,Barisal Bulls,157.75
5497,Comilla Victorians,138.85714285714286
5498,Barisal Bulls,157.75
5500,Comilla Victorians,138.85714285714286
5502,England Lions,149.33333333333334
5504,England Lions,149.33333333333334
5505,England Lions,149.33333333333334
5506,Afghanistan,145.5609756097561
5507,Afghanistan,145.5609756097561
5508,New Zealand,152.5
5509,New Zealand,152.5
5511,Bengal,154.76
5514,Mumbai,154.0
5515,Rajasthan,152.45454545454547
5517,Delhi,145.93939393939394
5520,Kerala,143.0
5521,Saurashtra,144.0
5524,Gujarat,153.84615384615384
5529,Baroda,148.71428571428572
5531,Jharkhand,130.9
5532,Kerala,143.0
5533,Maharashtra,144.875
5535,Assam,139.0
5536,Gujarat,153.84615384615384
5540,Mumbai,154.0
5541,Bengal,154.76
5542,Delhi,145.93939393939394
5543,Jharkhand,130.9
5544,Kerala,143.0
5546,Baroda,148.71428571428572
5552,Kerala,143.0
5553,Madhya Pradesh,142.5909090909091
5558,Jharkhand,130.9
5561,Andhra,130.69230769230768
5562,Baroda,148.71428571428572
5565,Punjab,131.8
5567,Karnataka,134.33333333333334
5570,Assam,139.0
5571,Delhi,145.93939393939394
5572,Himachal Pradesh,138.23076923076923
5574,Jharkhand,130.9
5577,Kerala,143.0
5581,Gujarat,153.84615384615384
5588,Baroda,148.71428571428572
5593,Kerala,143.0
5596,Gujarat,153.84615384615384
5598,Baroda,148.71428571428572
5602,New Zealand,152.5
5603,New Zealand,152.5
5604,Bangladesh,145.13333333333333
5605,Bangladesh,145.13333333333333
5608,Badureliya Sports Club,155.0
5611,Sinhalese Sports Club,158.25
5614,Sri Lanka Ports Authority Cricket Club,117.0
5618,Badureliya Sports Club,155.0
5620,Nondescripts Cricket Club,159.55555555555554
5622,Ragama Cricket Club,150.625
5626,Tamil Union Cricket and Athletic Club,155.625
5631,Chilaw Marians Cricket Club,155.75
5633,Moors Sports Club,144.85714285714286
5634,Sinhalese Sports Club,158.25
5638,Colts Cricket Club,157.55555555555554
5641,Bloomfield Cricket and Athletic Club,124.16666666666667
5647,Moors Sports Club,144.85714285714286
5649,Sri Lanka Army,128.5
5650,Tamil Union Cricket and Athletic Club,155.625
5653,Sydney Thunder,160.75
5654,Adelaide Strikers,163.11111111111111
5656,Sydney Sixers,157.54545454545453
5659,Hobart Hurricanes,174.72727272727272
5661,Perth Scorchers,155.52941176470588
5663,Sydney Thunder,160.75
5666,Adelaide Strikers,163.11111111111111
5667,Hobart Hurricanes,174.72727272727272
5668,Melbourne Stars,150.86666666666667
5669,Perth Scorchers,155.52941176470588
5670,Brisbane Heat,181.42857142857142
5672,Adelaide Strikers,163.11111111111111
5673,Melbourne Stars,150.86666666666667
5680,Adelaide Strikers,163.11111111111111
5686,Melbourne Stars,150.86666666666667
5691,Hong Kong,129.66666666666666
5694,United Arab Emirates,139.08333333333334
5696,Colombo Commandos,155.0
5697,Hambantota Troopers,132.5
5699,Galle Guardians,145.33333333333334
5700,Kurunegala Warriors,143.5
5702,Galle Guardians,145.33333333333334
5703,Kurunegala Warriors,143.5
5704,Kandy Crusaders,156.0
5705,Hambantota Troopers,132.5
5707,Galle Guardians,145.33333333333334
5708,Colombo Commandos,155.0
5709,Ireland,128.28
5710,Ireland,128.28
5712,Mashonaland Eagles,158.2941176470588
5713,Mountaineers,158.85714285714286
5715,Matabeleland Tuskers,139.0
5716,Mashonaland Eagles,158.2941176470588
5717,Mountaineers,158.85714285714286
5722,Mashonaland Eagles,158.2941176470588
5724,Mid West Rhinos,153.42857142857142
5727,India,148.1818181818182
5728,India,148.1818181818182
5730,United Arab Emirates,139.08333333333334
5731,South Africa,159.5185185185185
5732,South Africa,159.5185185185185
5734,Karachi Kings,154.5
5735,Peshawar Zalmi,145.0
5736,Quetta Gladiators,146.0
5738,Islamabad United,149.85714285714286
5739,Quetta Gladiators,146.0
5740,Lahore Qalandars,179.0
5741,Islamabad United,149.85714285714286
5744,Karachi Kings,154.5
5747,Lahore Qalandars,179.0
5748,Islamabad United,149.85714285714286
5752,Islamabad United,149.85714285714286
5754,Islamabad United,149.85714285714286
5755,Islamabad United,149.85714285714286
5756,Islamabad United,149.85714285714286
5757,North Island,127.0
5760,Afghanistan,145.5609756097561
5762,Afghanistan,145.5609756097561
5765,Sri Lanka,161.52941176470588
5766,Bangladesh,145.13333333333333
5767,India,148.1818181818182
5768,Bangladesh,145.13333333333333
5769,Pakistan,153.42105263157896
5770,India,148.1818181818182
5771,Bangladesh,145.13333333333333
5772,India,148.1818181818182
5773,Pakistan,153.42105263157896
5777,Free State,150.9
5778,KwaZulu-Natal Inland,137.25
5780,Northerns,129.5
5782,Western Province,151.5
5784,Easterns,148.33333333333334
5787,North West,168.88888888888889
5789,Western Province,151.5
5790,Border,135.7
5792,Eastern Province,131.92307692307693
5796,South Western Districts,133.6
5797,Border,135.7
5799,KwaZulu-Natal,137.2
5801,Eastern Province,131.92307692307693
5802,KwaZulu-Natal Inland,137.25
5803,South Africa,159.5185185185185
5807,Afghanistan,145.5609756097561
5808,Bangladesh,145.13333333333333
5811,Afghanistan,145.5609756097561
5814,Afghanistan,145.5609756097561
5817,Bangladesh,145.13333333333333
5823,England,157.76470588235293
5824,India,148.1818181818182
5827,Australia,154.78787878787878
5828,New Zealand,152.5
5830,India,148.1818181818182
5831,Australia,154.78787878787878
5834,England,157.76470588235293
5835,Afghanistan,145.5609756097561
5836,India,148.1818181818182
5837,South Africa,159.5185185185185
5838,England,157.76470588235293
5842,Kolkata Knight Riders,146.57142857142858
5844,Royal Challengers Bangalore,163.95744680851064
5846,Gujarat Lions,161.0
5847,Delhi Daredevils,155.0
5850,Kings XI Punjab,169.25
5852,Sunrisers Hyderabad,149.1764705882353
5854,Mumbai Indians,166.9090909090909
5857,Delhi Daredevils,155.0
5858,Sunrisers Hyderabad,149.1764705882353
5859,Gujarat Lions,161.0
5864,Mumbai Indians,166.9090909090909
5866,Delhi Daredevils,155.0
5867,Sunrisers Hyderabad,149.1764705882353
5872,Kolkata Knight Riders,146.57142857142858
5874,Sunrisers Hyderabad,149.1764705882353
5875,Royal Challengers Bangalore,163.95744680851064
5876,Kings XI Punjab,169.25
5884,Royal Challengers Bangalore,163.95744680851064
5885,Kolkata Knight Riders,146.57142857142858
5887,Mumbai Indians,166.9090909090909
5889,Rising Pune Supergiants,124.5
5890,Royal Challengers Bangalore,163.95744680851064
5891,Gujarat Lions,161.0
5892,Delhi Daredevils,155.0
5893,Rising Pune Supergiants,124.5
5894,Gujarat Lions,161.0
5895,Kolkata Knight Riders,146.57142857142858
5898,Sunrisers Hyderabad,149.1764705882353
5901,Zimbabwe,161.0
5904,England,157.76470588235293
5907,Trinbago Knight Riders,170.0
5910,St Kitts and Nevis Patriots,178.2
5913,Guyana Amazon Warriors,136.06666666666666
5914,Guyana Amazon Warriors,136.06666666666666
5917,Guyana Amazon Warriors,136.06666666666666
5918,Barbados Tridents,147.6153846153846
5919,Jamaica Tallawahs,151.8125
5921,Jamaica Tallawahs,151.8125
5922,Barbados Tridents,147.6153846153846
5923,Jamaica Tallawahs,151.8125
5924,Jamaica Tallawahs,151.8125
5925,St Lucia Zouks,146.83333333333334
5926,St Lucia Zouks,146.83333333333334
5927,St Lucia Zouks,146.83333333333334
5930,St Kitts and Nevis Patriots,178.2
5935,Guyana Amazon Warriors,136.06666666666666
5937,Jamaica Tallawahs,151.8125
5939,Worcestershire,168.05882352941177
5943,Kent,157.525
5947,Middlesex,150.66666666666666
5949,Northamptonshire,163.0810810810811
5952,Durham,155.37142857142857
5954,Sussex,157.33333333333334
5956,Worcestershire,168.05882352941177
5957,Hampshire,161.79591836734693
5959,Somerset,180.33333333333334
5960,Glamorgan,145.3548387096774
5961,Lancashire,154.05769230769232
5962,Northamptonshire,163.0810810810811
5963,Derbyshire,146.57142857142858
5965,Warwickshire,157.925
5966,Nottinghamshire,165.47058823529412
5967,Leicestershire,156.27027027027026
5968,Kent,157.525
5969,Surrey,155.7906976744186
5970,Somerset,180.33333333333334
5971,Worcestershire,168.05882352941177
5973,Lancashire,154.05769230769232
5975,Sussex,157.33333333333334
5982,Glamorgan,145.3548387096774
5983,Gloucestershire,154.63636363636363
5985,Northamptonshire,163.0810810810811
5986,Surrey,155.7906976744186
5991,Somerset,180.33333333333334
5992,Warwickshire,157.925
5993,Yorkshire,158.0
5994,Middlesex,150.66666666666666
5995,Durham,155.37142857142857
5996,Glamorgan,145.3548387096774
5997,Lancashire,154.05769230769232
6000,Essex,167.3409090909091
6004,Northamptonshire,163.0810810810811
6007,Kent,157.525
6011,Yorkshire,158.0
6012,Essex,167.3409090909091
6013,Sussex,157.33333333333334
6016,Gloucestershire,154.63636363636363
6018,Glamorgan,145.3548387096774
6022,Leicestershire,156.27027027027026
6024,Surrey,155.7906976744186
6026,Yorkshire,158.0
6027,Nottinghamshire,165.47058823529412
6029,Durham,155.37142857142857
6032,Derbyshire,146.57142857142858
6033,Hampshire,161.79591836734693
6034,Kent,157.525
6036,Worcestershire,168.05882352941177
6037,Durham,155.37142857142857
6038,Leicestershire,156.27027027027026
6039,Nottinghamshire,165.47058823529412
6041,Gloucestershire,154.63636363636363
6042,Warwickshire,157.925
6043,Northamptonshire,163.0810810810811
6044,Yorkshire,158.0
6045,Middlesex,150.66666666666666
6048,Surrey,155.7906976744186
6049,Derbyshire,146.57142857142858
6050,Glamorgan,145.3548387096774
6054,Yorkshire,158.0
6057,Durham,155.37142857142857
6059,Gloucestershire,154.63636363636363
6060,Hampshire,161.79591836734693
6061,Lancashire,154.05769230769232
6063,Nottinghamshire,165.47058823529412
6064,Surrey,155.7906976744186
6065,Nottinghamshire,165.47058823529412
6066,Northamptonshire,163.0810810810811
6070,Durham,155.37142857142857
6079,Karachi Blues,169.5
6081,Federally Administered Tribal Areas,139.5
6085,Lahore Blues,136.0
6087,Karachi Whites,161.0
6088,Karachi Blues,169.5
6092,Karachi Whites,161.0
6093,Lahore Whites,162.66666666666666
6095,Lahore Whites,162.66666666666666
6096,Karachi Whites,161.0
6098,Peshawar,140.0
6099,Karachi Whites,161.0
6100,Karachi Blues,169.5
6102,Federally Administered Tribal Areas,139.5
6104,Lahore Whites,162.66666666666666
6105,Lahore Blues,136.0
6106,Islamabad,151.0
6109,Karachi Blues,169.5
6110,Pakistan,153.42105263157896
6111,Pakistan,153.42105263157896
6112,Pakistan,153.42105263157896
6115,North West,168.88888888888889
6118,KwaZulu-Natal Inland,137.25
6120,Border,135.7
6129,Northern Cape,162.33333333333334
6132,Boland,146.57142857142858
6135,Eastern Province,131.92307692307693
6138,Northern Cape,162.33333333333334
6139,Eastern Province,131.92307692307693
6142,Khulna Titans,133.0
6143,Rangpur Riders,137.88888888888889
6144,Rangpur Riders,137.88888888888889
6149,Barisal Bulls,157.75
6151,Barisal Bulls,157.75
6153,Dhaka Dynamites,138.8
6154,Rangpur Riders,137.88888888888889
6155,Chittagong Vikings,162.5
6158,Comilla Victorians,138.85714285714286
6162,Rangpur Riders,137.88888888888889
6171,Comilla Victorians,138.85714285714286
6172,Chittagong Vikings,162.5
6174,Comilla Victorians,138.85714285714286
6175,Barisal Bulls,157.75
6176,Comilla Victorians,138.85714285714286
6177,Dhaka Dynamites,138.8
6178,Rangpur Riders,137.88888888888889
6180,Comilla Victorians,138.85714285714286
6183,Dhaka Dynamites,138.8
6185,Dhaka Dynamites,138.8
6189,Knights,154.9090909090909
6193,Dolphins,157.17857142857142
6194,Cape Cobras,155.15384615384616
6195,Titans,155.475
6196,Titans,155.475
6198,Lions,154.02702702702703
6202,Warriors,145.0857142857143
6204,Lions,154.02702702702703
6205,Dolphins,157.17857142857142
6206,Warriors,145.0857142857143
6209,Lions,154.02702702702703
6211,Cape Cobras,155.15384615384616
6212,Titans,155.475
6213,Warriors,145.0857142857143
6219,Warriors,145.0857142857143
6220,Titans,155.475
6221,Central Districts,165.9090909090909
6222,Northern Districts,159.875
6223,Auckland,164.25714285714287
6226,Otago,169.0
6227,Canterbury,161.9
6229,Central Districts,165.9090909090909
